0,43,39,61,42,49,54,19,52,82,49,68,90,37,45,52,66,55,29,85,58,23,41,39,72,51,15,67,60,75,39,66,66,69,72,44,59,25,45,43,65,61,50,39,28,45,54,17,50,65,29,38,50,39,31,26,54,31,62,19,83,47,41,44,31,44,74,45,46,48,45,49,80,68,28,43,31,33,52,46,67,74,46,38,59,43,76,49,44,49,30,78,42,63,28,87,73,46,42,31,49,62,53,69,75,46,45,47,60,38,58,13,51,38,78,15,83,32,24,37,72,52,78,19,54,55,27,79,79,66,24,44,46,50,23,30,33,72,52,47,36,46,25,19,34,34,71,47,56,34
43,0,46,47,49,57,85,27,36,17,12,68,56,8,56,58,22,97,68,16,55,50,77,56,21,83,27,55,26,70,81,55,33,31,19,17,51,44,86,42,35,57,23,40,49,85,55,28,53,69,28,70,43,34,69,75,77,29,28,63,36,51,71,73,60,63,79,45,66,49,53,41,60,46,28,61,33,68,17,53,43,50,36,62,72,82,31,49,30,63,52,49,63,35,58,65,31,68,65,38,28,54,92,57,28,59,15,27,24,61,69,20,47,71,82,46,54,67,79,23,33,53,8,60,48,77,48,90,57,52,37,39,47,21,93,46,34,31,19,46,44,37,18,60,45,53,80,55,40,49
39,46,0,89,62,44,24,83,20,35,17,43,75,33,76,52,71,53,30,89,70,57,56,65,82,65,42,30,59,62,11,65,43,16,44,90,19,53,75,41,33,66,78,62,82,57,47,50,37,92,37,58,47,52,40,62,48,43,29,44,33,53,80,37,48,75,70,56,53,50,54,63,7,12,44,46,89,60,61,30,32,30,75,66,44,42,75,43,87,45,51,38,74,56,31,40,27,34,22,63,82,60,50,29,65,48,44,43,28,37,43,67,47,61,33,60,22,33,26,19,38,46,33,44,75,14,7,47,58,79,54,36,34,34,62,38,20,49,51,52,19,35,58,33,98,69,41,62,17,21
61,47,89,0,32,61,12,44,29,84,46,7,49,55,58,41,39,78,60,41,66,46,45,33,52,14,53,48,45,50,47,60,64,56,46,55,63,66,31,23,40,32,2,54,35,38,22,73,40,21,88,60,66,36,40,52,46,97,72,38,55,47,20,50,60,68,63,25,74,88,55,57,65,60,91,53,34,43,89,60,81,74,11,52,94,34,25,38,48,57,22,74,84,98,46,88,52,24,42,61,68,90,31,44,49,30,66,4,69,65,86,45,61,48,59,55,69,59,43,74,22,66,52,79,74,37,68,76,41,49,32,60,66,74,56,61,61,58,72,41,29,7,11,87,44,74,53,49,42,34
42,49,62,32,0,46,53,92,52,60,48,60,42,91,37,62,26,39,76,51,48,66,82,69,42,39,65,43,69,45,67,35,57,63,68,28,60,38,25,90,87,53,41,46,34,41,67,75,86,68,69,37,57,33,43,87,31,16,51,42,39,85,53,32,22,7,8,81,17,87,68,75,81,56,81,85,26,15,25,36,32,72,41,75,60,92,31,77,80,55,37,40,23,75,52,54,60,21,39,36,20,71,67,50,42,60,17,83,47,27,35,41,25,72,49,40,51,30,20,80,15,51,31,40,61,51,37,31,40,18,44,58,58,38,66,32,39,79,58,31,37,30,68,59,75,41,54,22,51,23
49,57,44,61,46,0,60,69,67,30,24,88,31,28,59,31,23,87,62,92,69,24,93,16,68,37,37,24,39,50,50,22,42,50,80,60,34,32,11,57,13,68,51,51,10,27,61,46,53,33,46,88,15,49,52,60,13,37,35,29,32,32,15,54,41,80,65,51,3,61,48,9,64,41,47,76,61,59,56,42,73,51,58,25,73,9,76,91,88,49,62,68,37,29,21,46,66,35,39,48,94,84,25,66,26,13,96,37,21,64,60,39,41,60,66,34,93,73,32,74,45,30,52,53,38,28,69,55,53,35,58,46,18,38,53,61,35,31,35,28,35,32,75,57,65,40,25,33,66,65
54,85,24,12,53,60,0,29,27,19,93,46,37,80,53,41,77,51,43,77,37,66,55,22,13,15,71,75,36,39,59,28,83,50,42,50,27,17,41,39,79,60,79,69,26,38,70,89,46,36,55,67,51,64,86,25,75,45,44,17,37,28,57,46,59,46,72,34,85,71,19,85,56,45,57,61,63,57,27,26,48,14,61,43,56,47,73,41,66,89,87,46,38,40,28,17,22,27,70,38,25,6,41,23,25,93,33,80,90,22,43,69,42,53,16,47,24,77,41,46,67,59,37,34,71,22,50,43,52,31,51,59,63,74,81,31,78,68,18,23,70,35,87,86,27,36,77,64,26,30
19,27,83,44,92,69,29,0,14,42,32,42,43,64,17,41,51,25,34,52,67,65,31,51,55,54,30,79,47,74,79,64,7,47,53,22,53,55,84,36,32,45,52,70,12,39,74,60,44,64,53,56,23,76,27,59,63,49,46,55,30,93,46,27,31,70,49,63,65,34,48,47,48,33,28,38,38,17,50,45,67,39,70,74,45,33,57,37,39,31,35,35,71,49,24,49,52,23,25,52,75,41,90,55,70,57,31,43,71,55,76,55,22,27,42,20,42,55,81,66,54,82,70,28,34,55,83,13,64,54,69,88,69,32,59,80,84,41,56,58,51,19,81,68,53,44,44,88,59,63
52,36,20,29,52,67,27,14,0,70,42,64,57,54,45,53,41,38,36,30,71,17,35,19,45,76,80,24,31,69,44,75,47,21,35,67,83,50,48,38,30,59,24,25,44,48,52,6,63,34,74,54,57,61,21,40,74,4,28,55,40,40,33,77,36,72,69,8,40,61,40,79,62,37,88,75,17,59,71,27,10,57,70,51,56,69,22,75,57,69,26,37,44,28,74,56,56,20,42,62,57,34,52,30,55,27,32,31,28,47,54,62,42,37,53,50,49,40,59,26,66,32,62,29,33,55,63,22,54,49,34,72,44,73,45,68,69,56,22,42,72,39,56,50,61,40,9,7,51,35
82,17,35,84,60,30,19,42,70,0,59,13,45,34,71,71,80,43,78,63,34,57,23,74,53,81,5,43,27,51,62,37,26,47,37,56,38,58,20,18,56,51,36,36,22,24,67,50,54,43,45,25,53,53,5,74,23,45,27,22,50,93,88,30,34,25,62,49,57,40,35,40,39,61,43,53,88,67,73,55,86,88,27,12,48,50,47,62,58,23,85,78,88,35,62,62,85,72,34,96,89,45,44,63,80,71,34,60,73,66,71,42,6,34,50,29,87,33,57,90,63,37,64,47,88,23,67,15,63,38,63,19,97,82,24,58,32,29,54,46,56,96,73,83,78,21,38,54,56,9
49,12,17,46,48,24,93,32,42,59,0,47,66,77,16,75,46,62,48,64,72,32,54,55,27,36,44,65,23,21,63,17,64,76,25,37,68,69,45,64,77,60,50,45,78,60,63,86,44,6,35,44,18,48,34,55,75,56,17,48,9,40,25,57,53,47,61,29,68,52,19,73,60,48,30,59,45,45,52,50,46,57,71,63,58,70,69,29,15,48,83,47,45,50,45,57,65,35,66,60,8,31,49,60,70,75,38,81,43,72,36,16,22,54,19,42,62,85,54,82,76,35,47,33,49,66,55,40,58,96,28,44,47,65,67,78,38,73,77,63,22,58,61,24,58,30,35,40,41,43
68,68,43,7,60,88,46,42,64,13,47,0,34,56,61,87,65,31,27,57,77,48,32,3,81,75,49,79,60,57,50,58,74,24,78,42,86,33,43,39,70,29,79,34,58,76,51,14,90,40,40,41,60,74,63,70,81,63,51,58,66,81,63,61,17,46,69,20,43,66,48,50,25,64,21,17,48,11,42,44,67,44,65,57,56,66,45,61,74,47,44,44,46,24,67,32,38,40,49,62,68,61,86,72,9,47,56,37,77,42,47,24,74,77,33,66,62,45,37,49,29,64,82,54,43,20,58,72,88,56,69,24,64,56,25,36,21,31,24,46,86,57,45,57,73,17,74,21,51,58
90,56,75,49,42,31,37,43,57,45,66,34,0,11,49,29,60,76,38,26,71,22,82,14,32,56,55,65,55,54,25,25,84,81,72,19,55,12,42,7,25,43,63,34,80,72,57,78,13,34,56,54,69,44,54,46,77,29,50,74,71,49,53,71,74,64,49,59,55,34,23,36,44,39,69,50,80,40,55,15,48,57,48,50,29,26,39,61,66,70,58,56,21,47,47,71,48,51,24,35,31,50,36,60,58,52,52,65,91,20,35,73,69,47,30,81,74,38,49,50,51,60,54,44,29,62,46,75,40,86,35,83,30,90,14,77,73,51,33,58,58,34,41,44,33,42,44,10,68,76
37,8,33,55,91,28,80,64,54,34,77,56,11,0,72,12,49,71,58,29,43,18,41,88,36,51,53,59,87,25,81,64,49,31,38,16,85,76,40,73,40,54,55,47,65,74,53,48,58,43,64,70,71,42,65,88,70,28,70,53,61,24,34,57,27,71,78,58,36,53,32,55,49,16,83,82,97,23,42,32,92,32,38,71,66,29,68,30,48,52,45,24,75,73,14,38,73,79,32,20,67,49,61,50,63,30,36,54,16,26,49,74,43,23,40,34,95,87,13,9,87,33,35,46,81,20,29,24,34,65,31,34,63,70,27,34,45,48,36,65,65,29,48,86,68,90,11,61,22,32
45,56,76,58,37,59,53,17,45,71,16,61,49,72,0,56,47,53,83,31,62,68,63,81,11,40,30,18,50,52,59,91,57,16,41,81,58,81,51,66,60,60,50,21,30,55,24,39,56,16,28,54,93,48,6,61,44,17,56,40,17,19,65,49,27,84,26,40,82,47,51,14,28,75,56,31,80,46,28,20,92,36,70,35,74,86,54,61,68,5,52,47,18,65,54,82,58,52,24,24,28,45,47,36,47,7,51,59,71,21,85,54,14,61,80,57,23,56,48,25,69,73,66,10,35,50,26,55,59,31,75,30,80,38,65,50,37,72,45,68,66,67,94,23,52,21,42,61,43,25
52,58,52,41,62,31,41,41,53,71,75,87,29,12,56,0,57,53,35,40,55,30,84,22,80,64,75,40,74,17,75,39,91,54,69,53,80,70,88,80,55,78,62,27,65,90,37,53,50,77,41,52,77,28,45,71,62,84,63,45,30,17,62,58,65,13,45,60,11,64,37,55,23,29,73,46,28,35,75,62,36,55,59,53,62,44,65,65,71,69,64,32,20,49,52,39,52,74,60,51,2,31,79,81,77,26,61,27,49,10,32,27,53,20,55,44,59,47,65,65,21,79,97,80,71,58,46,38,30,61,57,44,93,75,40,52,31,34,40,66,45,77,28,62,63,46,71,77,76,40
66,22,71,39,26,23,77,51,41,80,46,65,60,49,47,57,0,78,54,48,60,59,41,30,20,59,46,40,54,69,53,76,30,73,27,25,54,69,59,26,85,42,55,37,43,72,49,19,37,43,51,52,66,62,89,37,46,12,40,49,30,42,74,63,19,54,26,44,39,42,55,59,67,56,54,41,21,65,74,59,75,59,38,56,22,74,27,55,22,82,45,21,41,43,40,44,42,26,27,45,59,34,53,31,73,56,16,55,29,20,49,79,28,63,62,49,64,49,31,46,67,70,23,73,20,53,18,52,6,34,22,28,66,75,44,58,55,27,36,19,28,28,43,55,46,94,66,18,47,39
55,97,53,78,39,87,51,25,38,43,62,31,76,71,53,53,78,0,51,25,86,14,63,26,57,24,69,46,42,67,56,26,44,55,54,51,73,59,65,33,65,55,25,44,41,39,36,35,78,39,81,26,69,53,26,51,66,39,62,50,48,40,9,42,70,52,60,50,93,61,40,16,64,26,45,52,61,85,71,65,57,26,60,48,38,63,38,27,16,22,76,59,74,60,40,10,54,83,45,52,31,16,71,44,31,70,29,31,10,79,14,49,73,14,18,72,55,51,29,65,36,30,41,53,53,20,9,69,57,51,68,40,43,6,37,52,55,33,64,40,61,38,30,61,33,24,64,50,79,25
29,68,30,60,76,62,43,34,36,78,48,27,38,58,83,35,54,51,0,45,34,30,36,62,47,13,54,38,32,47,51,63,75,66,66,51,67,50,32,48,43,32,10,35,23,34,42,72,38,50,39,47,80,40,50,58,46,37,25,58,39,70,66,49,71,74,38,53,45,57,27,35,30,30,46,38,29,50,35,64,74,70,93,49,47,72,37,44,35,59,55,61,90,47,58,37,15,62,76,54,45,45,52,29,69,52,22,23,24,39,74,66,25,34,9,57,44,10,63,3,26,88,47,8,83,38,60,60,26,83,61,32,39,33,46,64,48,65,45,27,33,51,29,73,34,91,45,54,45,26
85,16,89,41,51,92,77,52,30,63,64,57,26,29,31,40,48,25,45,0,11,69,64,38,71,63,90,19,46,32,34,46,29,56,44,31,62,50,23,46,67,57,46,50,66,30,73,59,69,46,75,40,49,61,39,43,70,54,71,53,20,75,30,51,43,94,27,77,66,73,43,71,44,28,68,50,40,28,44,43,59,76,83,91,31,48,56,13,18,67,56,26,53,61,25,19,45,44,23,50,56,86,70,36,19,46,43,30,35,63,23,87,71,57,64,50,37,12,69,75,28,52,8,71,71,11,57,23,32,64,50,28,88,48,50,74,80,82,54,14,89,37,69,39,69,25,71,56,35,40
58,55,70,66,48,69,37,67,71,34,72,77,71,43,62,55,60,86,34,11,0,45,47,10,50,57,38,27,21,66,91,69,3,33,62,9,27,40,56,34,32,32,57,43,51,29,51,80,43,38,62,58,59,52,62,37,31,80,79,59,51,56,80,36,36,48,59,42,22,70,38,56,21,79,14,18,92,66,25,37,71,28,59,56,74,83,60,9,55,15,39,53,64,57,20,81,64,81,52,80,57,80,53,33,39,84,52,35,71,17,57,29,87,38,34,46,40,39,41,32,59,58,16,94,49,71,91,18,40,74,35,69,54,48,66,29,85,31,11,40,14,29,32,27,65,25,37,3,58,87
23,50,57,46,66,24,66,65,17,57,32,48,22,18,68,30,59,14,30,69,45,0,33,72,44,27,53,53,72,39,49,42,27,28,49,65,58,75,26,44,18,80,20,55,53,97,43,77,59,39,35,64,5,49,48,35,39,25,49,74,17,44,35,56,39,30,62,41,31,62,64,51,48,48,59,76,88,63,46,44,50,34,70,65,28,37,26,26,63,72,40,50,21,72,64,47,64,58,36,42,87,60,45,51,55,73,33,53,21,53,60,47,72,24,4,33,31,47,71,12,47,70,62,44,42,25,89,47,53,81,41,39,60,31,42,95,62,64,48,49,29,42,44,35,73,36,50,46,44,28
41,77,56,45,82,93,55,31,35,23,54,32,82,41,63,84,41,63,36,64,47,33,0,30,79,91,45,59,70,11,52,64,60,22,72,6,9,43,33,30,52,33,74,37,16,42,66,44,29,51,62,45,83,52,55,54,64,51,52,29,92,72,33,37,57,27,62,74,84,33,63,45,57,59,76,49,85,10,27,20,29,33,50,45,17,74,54,32,93,54,60,86,43,89,51,34,36,89,29,57,57,30,68,57,63,68,23,75,53,79,46,28,73,43,44,41,24,63,76,63,67,33,82,18,32,35,45,41,46,38,75,63,63,32,40,45,77,48,41,41,69,25,86,80,17,40,42,77,29,59
39,56,65,33,69,16,22,51,19,74,55,3,14,88,81,22,30,26,62,38,10,72,30,0,40,8,79,56,37,44,61,42,39,33,59,50,46,65,63,6,47,22,66,42,40,44,40,75,53,51,32,36,44,74,43,30,24,43,64,68,32,8,84,28,34,15,52,60,48,33,48,75,36,88,77,5,32,81,22,38,32,57,63,37,50,54,72,29,83,39,60,89,41,53,63,26,56,23,57,41,10,35,20,17,15,75,21,80,21,49,45,90,57,44,42,47,23,47,31,43,3,51,42,46,46,69,49,50,27,11,38,47,77,83,5,81,39,58,50,43,36,36,7,37,51,62,67,68,27,39
72,21,82,52,42,68,13,55,45,53,27,81,32,36,11,80,20,57,47,71,50,44,79,40,0,81,30,71,73,56,43,54,81,67,47,59,76,57,60,55,61,33,34,56,45,48,93,66,18,19,10,43,30,29,69,89,67,47,74,85,91,25,13,10,65,63,56,34,77,34,43,35,43,54,92,77,77,41,82,51,32,18,56,21,68,32,35,73,31,72,29,77,24,14,37,27,66,28,45,54,36,77,37,48,44,80,20,44,54,33,20,77,56,41,25,91,57,63,55,31,55,23,84,69,62,75,58,59,83,63,25,42,63,37,49,14,55,41,38,10,44,34,31,56,41,63,40,43,73,57
51,83,65,14,39,37,15,54,76,81,36,75,56,51,40,64,59,24,13,63,57,27,91,8,81,0,15,58,37,47,20,59,41,46,32,85,45,66,54,27,60,39,40,44,45,18,33,62,47,44,52,83,76,87,56,29,74,60,78,18,72,44,36,87,40,30,13,52,52,44,41,72,51,20,56,54,74,51,27,48,43,49,42,68,43,35,50,40,40,60,43,44,44,34,60,59,19,82,45,23,43,53,40,3,27,70,41,59,43,60,41,30,45,64,86,56,81,50,8,54,9,6,39,83,40,43,72,42,74,52,87,57,62,61,23,78,51,74,9,58,41,13,36,88,58,59,36,64,10,87
15,27,42,53,65,37,71,30,80,5,44,49,55,53,30,75,46,69,54,90,38,53,45,79,30,15,0,48,47,28,62,70,54,4,59,17,45,65,57,48,56,39,61,84,31,39,59,43,22,15,51,53,38,59,35,53,40,70,74,27,75,43,84,14,36,30,51,15,21,67,27,37,57,86,23,70,49,55,63,68,89,66,39,39,55,49,17,75,49,39,42,46,56,9,70,50,26,21,38,13,38,51,86,45,30,45,30,38,73,50,51,40,88,19,42,51,43,57,23,53,31,32,39,25,50,55,54,95,26,25,22,52,25,8,54,61,46,63,34,31,42,64,37,43,32,24,70,57,41,58
67,55,30,48,43,24,75,79,24,43,65,79,65,59,18,40,40,46,38,19,27,53,59,56,71,58,48,0,39,31,29,43,69,95,73,52,56,24,35,28,63,49,45,54,38,29,46,73,65,38,77,51,49,81,72,50,6,24,52,60,70,92,50,5,53,63,40,56,89,47,76,42,30,64,65,73,71,73,92,76,28,13,65,62,65,38,14,55,72,57,69,50,40,38,72,93,36,29,70,70,61,15,64,28,59,36,70,65,61,60,63,39,49,22,74,50,22,24,48,86,40,22,34,27,27,44,62,12,67,58,46,79,57,43,34,7,50,40,28,75,72,37,62,64,49,59,66,28,29,25
60,26,59,45,69,39,36,47,31,27,23,60,55,87,50,74,54,42,32,46,21,72,70,37,73,37,47,39,0,54,45,39,65,90,64,61,74,28,70,50,71,49,47,30,52,59,15,7,54,41,30,17,18,48,49,39,44,22,75,68,58,11,46,54,64,53,51,59,50,31,43,65,57,55,80,33,38,53,60,40,35,9,43,40,65,37,44,24,14,39,59,49,69,95,55,39,42,26,60,25,61,56,54,19,28,81,51,77,72,61,22,60,57,64,76,39,45,43,11,70,71,67,60,52,31,31,35,76,59,59,55,46,27,73,63,63,83,21,39,57,51,74,57,55,55,73,74,59,80,43
75,70,62,50,45,50,39,74,69,51,21,57,54,25,52,17,69,67,47,32,66,39,11,44,56,47,28,31,54,0,86,96,21,76,30,32,50,51,84,44,17,15,63,62,49,46,75,43,80,53,53,71,77,72,49,50,70,50,52,24,52,47,44,56,58,69,14,62,72,52,43,88,49,21,34,14,88,12,17,24,31,48,46,89,60,65,52,58,66,75,79,71,64,58,20,69,62,57,46,11,91,27,46,78,20,37,52,73,30,38,38,83,47,58,40,73,90,56,30,68,68,36,39,36,76,69,85,36,48,47,64,31,76,68,40,38,54,44,46,40,37,47,34,42,57,61,56,48,34,75
39,81,11,47,67,50,59,79,44,62,63,50,25,81,59,75,53,56,51,34,91,49,52,61,43,20,62,29,45,86,0,78,48,28,58,59,59,24,88,42,30,40,55,16,68,58,75,56,29,32,44,77,45,55,53,55,63,22,44,29,39,46,46,39,22,68,69,60,44,57,21,48,88,65,58,45,19,69,41,39,18,42,64,61,78,44,26,11,81,22,63,43,68,17,52,59,36,23,82,55,28,12,44,43,76,21,23,69,27,47,56,70,22,63,81,83,18,60,82,50,18,42,45,21,13,53,50,44,56,23,35,31,42,29,41,8,45,56,27,43,44,36,55,77,30,67,37,38,57,4
66,55,65,60,35,22,28,64,75,37,17,58,25,64,91,39,76,26,63,46,69,42,64,42,54,59,70,43,39,96,78,0,38,10,61,84,41,49,26,26,35,22,46,46,11,65,69,36,76,45,49,78,39,6,39,39,54,42,26,13,35,11,35,70,24,28,45,36,64,19,38,61,34,50,28,55,40,48,57,72,40,65,72,76,64,43,48,39,23,29,50,15,68,48,81,61,59,75,82,60,66,38,52,53,86,58,63,24,31,58,68,16,63,37,41,20,67,35,45,62,43,21,52,34,46,41,78,46,59,65,60,45,19,63,25,7,33,35,37,72,45,40,35,52,62,31,64,59,16,62
66,33,43,64,57,42,83,7,47,26,64,74,84,49,57,91,30,44,75,29,3,27,60,39,81,41,54,69,65,21,48,38,0,87,39,33,37,50,29,76,16,29,61,53,65,58,29,49,48,8,65,40,50,69,97,32,79,67,38,67,57,64,42,93,36,52,24,41,47,22,57,69,56,44,74,52,51,33,37,75,51,70,56,62,44,53,52,27,1,58,84,33,60,34,54,31,13,50,58,30,61,49,86,67,43,40,49,41,33,69,31,19,41,21,93,50,7,40,54,89,36,32,60,52,54,45,70,32,49,30,93,37,14,32,42,43,63,34,74,84,61,49,49,14,30,32,80,32,60,59
69,31,16,56,63,50,50,47,21,47,76,24,81,31,16,54,73,55,66,56,33,28,22,33,67,46,4,95,90,76,28,10,87,0,17,26,30,24,37,56,20,60,36,95,9,36,42,48,14,21,68,38,29,32,14,32,24,36,48,57,7,46,29,56,65,68,46,51,38,65,67,39,49,14,52,51,33,43,41,20,46,44,58,61,50,55,35,50,22,32,50,43,64,10,52,35,72,42,87,67,50,71,49,63,19,52,37,4,47,30,88,15,23,74,50,31,50,33,71,35,90,8,77,53,28,74,43,46,68,11,39,47,87,26,21,52,66,57,46,71,10,29,60,55,51,42,10,83,44,51
72,19,44,46,68,80,42,53,35,37,25,78,72,38,41,69,27,54,66,44,62,49,72,59,47,32,59,73,64,30,58,61,39,17,0,71,20,50,54,72,49,33,81,53,83,6,50,37,79,60,65,54,53,59,50,50,60,77,57,55,27,84,18,48,53,29,40,86,82,71,55,35,72,19,67,65,46,45,52,45,47,97,90,54,56,68,27,36,33,40,14,70,45,50,28,48,61,40,78,19,53,52,43,44,77,51,41,58,65,73,42,54,61,55,22,45,47,84,30,55,60,41,68,69,43,22,89,63,61,77,29,88,30,72,44,60,35,70,35,55,61,49,58,59,57,57,93,62,46,65
44,17,90,55,28,60,50,22,67,56,37,42,19,16,81,53,25,51,51,31,9,65,6,50,59,85,17,52,61,32,59,84,33,26,71,0,47,32,71,39,46,36,60,55,35,43,61,38,48,55,26,24,31,77,66,31,59,25,50,45,58,47,66,58,55,7,37,65,41,49,67,63,43,60,73,38,70,29,58,51,60,37,31,75,67,41,12,65,49,69,64,86,66,75,34,35,59,50,42,29,56,81,82,55,60,59,50,14,24,32,36,79,54,18,21,24,56,82,78,43,12,45,33,36,88,68,74,35,57,82,61,55,22,32,39,58,14,66,89,57,40,14,32,44,68,25,46,42,50,68
59,51,19,63,60,34,27,53,83,38,68,86,55,85,58,80,54,73,67,62,27,58,9,46,76,45,45,56,74,50,59,41,37,30,20,47,0,26,60,30,55,40,72,46,73,10,48,39,78,40,10,66,71,66,79,29,21,17,57,34,25,10,65,70,56,87,30,29,47,59,56,32,76,12,47,65,51,53,63,61,48,60,43,42,34,65,52,71,73,11,18,69,49,85,59,54,56,45,9,34,48,37,36,40,33,49,53,66,51,45,59,49,56,63,43,64,27,37,54,72,60,20,44,41,62,32,56,34,47,49,85,38,62,44,30,32,32,72,45,50,54,33,62,34,64,56,78,53,60,65
25,44,53,66,38,32,17,55,50,58,69,33,12,76,81,70,69,59,50,50,40,75,43,65,57,66,65,24,28,51,24,49,50,24,50,32,26,0,67,52,92,73,41,30,38,42,43,40,59,71,47,28,37,77,46,78,57,38,95,26,89,4,57,26,31,68,80,78,61,32,61,59,37,24,38,20,29,59,9,78,5,85,86,43,1,51,41,54,34,15,31,34,40,39,25,72,51,67,33,55,60,47,18,61,47,71,37,38,50,51,81,57,52,10,48,75,23,34,68,53,65,75,43,51,9,13,17,57,23,32,41,67,33,34,40,44,56,11,54,45,86,87,39,56,48,46,77,62,67,14
45,86,75,31,25,11,41,84,48,20,45,43,42,40,51,88,59,65,32,23,56,26,33,63,60,54,57,35,70,84,88,26,29,37,54,71,60,67,0,35,81,47,44,70,47,53,14,26,81,41,53,19,45,60,57,51,66,53,40,40,34,46,77,50,48,52,55,42,55,64,53,47,61,33,53,51,93,41,51,48,82,67,61,80,28,32,26,76,56,36,78,43,26,33,27,39,61,29,78,57,27,45,66,16,26,17,69,43,94,28,54,54,61,49,86,82,6,29,87,59,82,45,28,80,67,50,55,53,69,27,76,42,82,20,38,75,11,57,86,90,53,75,67,53,48,48,48,27,63,82
43,42,41,23,90,57,39,36,38,18,64,39,7,73,66,80,26,33,48,46,34,44,30,6,55,27,48,28,50,44,42,26,76,56,72,39,30,52,35,0,72,30,36,77,34,63,71,72,51,73,39,18,52,26,62,44,37,91,55,68,59,44,54,78,42,47,41,20,53,73,65,55,14,18,63,66,46,73,49,80,53,51,32,21,10,65,19,17,67,46,62,22,75,70,49,26,31,61,31,61,39,65,68,56,18,34,40,40,40,69,44,79,30,69,56,59,73,67,43,57,50,68,58,18,89,49,70,53,51,18,36,55,8,16,70,39,62,31,49,39,89,64,48,72,46,88,29,72,43,58
65,35,33,40,87,13,79,32,30,56,77,70,25,40,60,55,85,65,43,67,32,18,52,47,61,60,56,63,71,17,30,35,16,20,49,46,55,92,81,72,0,54,38,55,68,77,68,39,41,90,10,20,57,28,17,21,10,39,49,48,52,73,33,18,54,79,83,70,70,74,45,34,24,37,75,41,77,44,49,43,38,71,75,92,86,52,56,84,64,58,91,59,50,50,57,53,85,24,67,71,59,45,51,90,58,29,48,58,86,49,76,26,37,63,73,78,76,69,33,61,65,89,64,44,43,44,42,57,9,33,50,69,47,39,65,77,71,46,74,63,59,15,70,49,61,63,39,6,46,85
61,57,66,32,53,68,60,45,59,51,60,29,43,54,60,78,42,55,32,57,32,80,33,22,33,39,39,49,49,15,40,22,29,60,33,36,40,73,47,30,54,0,41,28,54,10,67,47,79,58,63,20,45,80,32,80,57,39,37,76,37,92,55,76,60,41,43,58,33,77,62,70,64,87,28,77,63,25,46,89,50,23,66,14,18,46,55,15,15,67,48,58,87,54,73,42,11,63,71,31,27,66,70,79,33,84,71,36,53,23,51,60,53,46,14,61,38,15,25,37,85,73,54,27,80,24,47,42,74,33,10,39,44,54,49,46,9,70,41,52,71,26,54,28,48,43,66,50,53,37
50,23,78,2,41,51,79,52,24,36,50,79,63,55,50,62,55,25,10,46,57,20,74,66,34,40,61,45,47,63,55,46,61,36,81,60,72,41,44,36,38,41,0,68,60,39,46,64,60,45,56,60,84,92,32,49,64,43,57,7,46,69,23,38,37,60,56,43,25,82,19,47,40,57,17,34,44,64,93,46,82,26,76,70,50,51,38,38,33,75,33,47,18,41,20,31,91,57,56,64,61,65,69,54,34,5,73,64,64,53,78,36,43,47,57,30,19,65,29,33,43,42,58,58,19,39,34,32,68,6,27,50,32,37,27,48,84,52,75,35,57,15,69,91,62,92,66,19,59,44
39,40,62,54,46,51,69,70,25,36,45,34,34,47,21,27,37,44,35,50,43,55,37,42,56,44,84,54,30,62,16,46,53,95,53,55,46,30,70,77,55,28,68,0,48,54,61,49,59,34,39,43,28,22,76,77,75,47,90,87,45,69,58,27,87,40,54,12,84,64,36,68,81,43,38,46,69,44,86,47,81,82,49,43,18,48,89,45,47,31,56,49,45,58,71,55,10,54,34,77,32,25,37,40,41,49,48,62,50,68,22,38,31,87,73,12,43,50,65,11,85,40,12,46,23,42,51,46,49,67,69,16,29,59,43,46,53,19,69,47,71,45,36,70,56,27,30,36,37,62
28,49,82,35,34,10,26,12,44,22,78,58,80,65,30,65,43,41,23,66,51,53,16,40,45,45,31,38,52,49,68,11,65,9,83,35,73,38,47,34,68,54,60,48,0,73,63,30,43,57,29,37,56,49,57,63,87,50,29,53,94,94,58,57,52,19,52,44,32,51,62,43,48,88,20,37,8,52,41,10,65,25,13,59,73,55,86,92,45,58,54,93,53,63,34,68,62,53,50,68,51,95,31,63,19,56,85,45,65,65,33,23,42,21,49,32,31,58,33,66,53,52,32,44,19,57,78,24,31,86,86,50,47,33,44,11,40,33,64,40,52,41,29,65,59,28,51,43,54,67
45,85,57,38,41,27,38,39,48,24,60,76,72,74,55,90,72,39,34,30,29,97,42,44,48,18,39,29,59,46,58,65,58,36,6,43,10,42,53,63,77,10,39,54,73,0,71,45,6,30,56,65,65,31,57,24,75,20,66,60,48,20,17,92,30,66,39,13,17,37,88,71,38,79,80,29,17,74,51,15,48,58,52,50,95,57,49,37,67,25,26,69,74,79,55,35,36,81,46,52,20,45,56,55,43,41,64,66,67,19,71,62,56,31,41,71,42,65,68,59,40,69,41,42,40,67,87,61,28,65,55,38,63,39,69,58,71,31,65,59,55,40,31,55,22,77,9,28,14,11
54,55,47,22,67,61,70,74,52,67,63,51,57,53,24,37,49,36,42,73,51,43,66,40,93,33,59,46,15,75,75,69,29,42,50,61,48,43,14,71,68,67,46,61,63,71,0,69,81,58,69,57,45,60,10,91,73,46,48,50,14,51,25,70,81,72,26,86,24,67,32,34,78,92,24,33,35,38,48,70,56,39,44,45,25,39,65,30,66,59,30,59,13,14,67,30,56,62,73,39,44,58,81,89,51,79,44,55,27,53,61,66,17,68,80,51,32,51,70,47,49,56,82,45,14,44,38,65,17,86,24,59,34,53,26,79,57,59,48,50,70,41,79,57,58,69,32,70,49,36
17,28,50,73,75,46,89,60,6,50,86,14,78,48,39,53,19,35,72,59,80,77,44,75,66,62,43,73,7,43,56,36,49,48,37,38,39,40,26,72,39,47,64,49,30,45,69,0,72,57,60,18,43,59,22,67,47,68,39,25,25,44,16,77,36,36,56,52,21,29,73,44,47,71,22,24,79,60,44,32,61,19,37,35,64,63,27,61,98,63,39,90,70,43,35,71,53,40,76,53,36,44,36,25,37,8,93,55,49,55,40,41,34,63,69,30,71,83,8,13,3,30,81,33,26,44,56,37,45,59,56,69,65,53,72,10,35,85,25,7,65,40,67,53,62,50,87,25,42,26
50,53,37,40,86,53,46,44,63,54,44,90,13,58,56,50,37,78,38,69,43,59,29,53,18,47,22,65,54,80,29,76,48,14,79,48,78,59,81,51,41,79,60,59,43,6,81,72,0,62,73,48,86,13,56,22,62,19,54,85,33,57,49,58,43,31,71,48,63,59,21,74,47,60,35,12,25,27,29,43,83,46,46,20,67,49,26,13,24,64,43,52,28,47,26,29,64,64,48,38,35,43,40,9,80,11,77,71,40,68,20,55,36,45,69,21,55,37,26,64,15,77,48,36,54,75,54,27,41,72,35,46,68,44,58,50,68,25,37,58,74,41,66,53,43,46,29,89,86,51
65,69,92,21,68,33,36,64,34,43,6,40,34,43,16,77,43,39,50,46,38,39,51,51,19,44,15,38,41,53,32,45,8,21,60,55,40,71,41,73,90,58,45,34,57,30,58,57,62,0,37,49,66,42,88,37,23,25,3,31,81,36,89,80,57,54,49,44,80,34,66,46,74,40,66,65,37,28,60,43,47,44,56,73,72,31,44,24,60,48,71,17,53,52,59,78,66,57,76,57,63,52,78,1,52,37,54,81,67,66,71,36,65,55,19,80,79,43,51,44,42,47,39,71,64,60,66,33,37,81,73,43,13,31,88,80,75,72,52,26,61,7,35,75,52,18,16,46,87,52
29,28,37,88,69,46,55,53,74,45,35,40,56,64,28,41,51,81,39,75,62,35,62,32,10,52,51,77,30,53,44,49,65,68,65,26,10,47,53,39,10,63,56,39,29,56,69,60,73,37,0,61,31,60,26,25,50,66,63,45,54,3,37,31,82,47,49,65,74,62,57,93,61,56,46,58,92,85,45,67,67,64,46,33,61,47,36,39,52,39,59,24,56,61,15,42,15,42,41,35,27,61,76,72,74,49,25,53,40,68,43,34,66,41,76,61,36,33,72,54,81,38,65,17,61,13,60,46,52,62,60,27,36,43,30,85,48,50,34,21,61,51,59,16,70,43,60,21,38,47
38,70,58,60,37,88,67,56,54,25,44,41,54,70,54,52,52,26,47,40,58,64,45,36,43,83,53,51,17,71,77,78,40,38,54,24,66,28,19,18,20,20,60,43,37,65,57,18,48,49,61,0,40,61,87,73,44,88,58,55,38,35,29,14,42,20,50,6,52,50,55,69,52,31,14,36,24,40,49,70,21,52,53,23,32,81,36,26,28,54,34,50,49,57,26,55,52,26,17,47,52,28,67,21,13,23,96,83,36,62,35,16,58,30,48,33,81,74,45,41,38,26,65,33,70,56,79,17,32,41,38,68,28,27,61,42,63,38,29,43,60,51,69,56,40,36,27,67,45,56
50,43,47,66,57,15,51,23,57,53,18,60,69,71,93,77,66,69,80,49,59,5,83,44,30,76,38,49,18,77,45,39,50,29,53,31,71,37,45,52,57,45,84,28,56,65,45,43,86,66,31,40,0,63,57,64,90,7,56,38,41,47,55,53,64,44,38,38,48,67,51,28,90,65,12,39,87,28,31,66,49,20,24,38,29,46,63,59,60,35,12,45,82,48,43,44,80,60,53,59,18,68,40,61,26,31,13,57,91,63,47,23,45,19,74,38,60,56,19,23,89,74,56,33,34,50,55,46,33,47,27,9,81,54,74,91,16,69,17,32,69,3,73,64,70,59,56,90,62,57
39,34,52,36,33,49,64,76,61,53,48,74,44,42,48,28,62,53,40,61,52,49,52,74,29,87,59,81,48,72,55,6,69,32,59,77,66,77,60,26,28,80,92,22,49,31,60,59,13,42,60,61,63,0,26,60,53,41,52,68,23,35,77,54,53,30,80,29,20,70,39,54,38,63,73,51,27,47,62,19,51,43,46,38,69,37,72,73,37,63,22,53,38,92,96,64,82,41,39,40,47,57,94,26,44,72,39,61,61,61,40,62,61,62,14,37,51,44,14,67,39,34,62,28,38,45,80,41,39,44,51,32,27,63,10,57,38,59,27,32,78,62,30,56,47,68,64,49,51,38
31,69,40,40,43,52,86,27,21,5,34,63,54,65,6,45,89,26,50,39,62,48,55,43,69,56,35,72,49,49,53,39,97,14,50,66,79,46,57,62,17,32,32,76,57,57,10,22,56,88,26,87,57,26,0,49,59,80,53,39,21,30,61,8,58,57,19,86,30,42,26,30,56,79,97,6,62,69,60,44,18,56,36,48,13,69,60,87,32,52,58,42,64,81,75,79,35,25,46,45,48,28,58,32,18,36,55,66,90,8,44,81,18,27,44,54,70,64,25,71,57,62,62,58,63,63,41,72,33,46,40,41,44,35,78,22,44,74,49,63,66,26,41,96,30,44,84,54,51,48
26,75,62,52,87,60,25,59,40,74,55,70,46,88,61,71,37,51,58,43,37,35,54,30,89,29,53,50,39,50,55,39,32,32,50,31,29,78,51,44,21,80,49,77,63,24,91,67,22,37,25,73,64,60,49,0,64,7,43,34,48,37,84,85,36,70,64,63,69,57,18,77,66,64,42,34,51,39,44,36,37,83,74,44,63,87,15,38,13,55,45,61,22,28,57,53,66,82,17,57,25,27,33,43,49,43,65,45,3,80,75,88,56,70,28,58,39,12,33,63,67,59,52,62,35,8,70,67,37,65,79,27,77,76,11,59,26,26,81,53,72,55,64,5,51,86,63,15,26,18
54,77,48,46,31,13,75,63,74,23,75,81,77,70,44,62,46,66,46,70,31,39,64,24,67,74,40,6,44,70,63,54,79,24,60,59,21,57,66,37,10,57,64,75,87,75,73,47,62,23,50,44,90,53,59,64,0,35,72,21,78,52,7,48,64,35,48,28,23,34,55,51,13,41,78,57,80,29,32,45,32,57,39,27,43,65,58,42,69,64,41,47,55,12,64,20,60,50,58,81,47,64,74,57,93,62,57,55,88,79,71,66,46,25,35,59,52,24,63,20,28,59,66,25,54,69,30,58,61,44,42,47,13,47,73,40,65,14,56,44,77,23,70,65,72,29,57,31,69,67
31,29,43,97,16,37,45,49,4,45,56,63,29,28,17,84,12,39,37,54,80,25,51,43,47,60,70,24,22,50,22,42,67,36,77,25,17,38,53,91,39,39,43,47,50,20,46,68,19,25,66,88,7,41,80,7,35,0,66,26,77,24,39,56,70,37,37,27,48,73,70,7,88,38,56,43,21,55,57,33,56,89,56,59,57,43,42,65,51,33,78,33,56,43,62,76,76,39,72,25,49,61,48,26,40,72,80,66,40,27,87,69,48,68,64,46,91,30,23,48,26,60,80,35,81,43,59,44,39,52,92,26,18,63,42,58,40,73,58,65,19,50,10,49,26,15,38,60,46,57
62,28,29,72,51,35,44,46,28,27,17,51,50,70,56,63,40,62,25,71,79,49,52,64,74,78,74,52,75,52,44,26,38,48,57,50,57,95,40,55,49,37,57,90,29,66,48,39,54,3,63,58,56,52,53,43,72,66,0,15,49,43,31,20,61,50,70,76,61,43,72,46,57,48,12,42,92,63,60,77,88,62,70,70,36,31,31,30,15,68,47,38,19,74,51,48,21,51,21,60,24,32,33,58,81,19,42,30,31,44,15,44,24,52,22,35,59,50,29,60,33,42,74,43,17,73,46,28,27,73,32,39,45,30,51,54,14,54,36,54,44,11,45,69,40,44,45,59,47,70
19,63,44,38,42,29,17,55,55,22,48,58,74,53,40,45,49,50,58,53,59,74,29,68,85,18,27,60,68,24,29,13,67,57,55,45,34,26,40,68,48,76,7,87,53,60,50,25,85,31,45,55,38,68,39,34,21,26,15,0,49,46,45,43,72,39,58,78,28,57,56,48,75,60,29,62,43,90,89,21,45,26,75,49,89,31,86,65,72,52,46,61,49,60,73,68,82,29,51,60,28,17,95,49,71,72,82,41,76,41,72,94,55,23,42,57,53,27,43,40,57,70,78,49,44,13,19,14,68,43,50,72,55,73,17,67,50,30,85,38,83,47,59,52,38,24,46,46,48,57
83,36,33,55,39,32,37,30,40,50,9,66,71,61,17,30,30,48,39,20,51,17,92,32,91,72,75,70,58,52,39,35,57,7,27,58,25,89,34,59,52,37,46,45,94,48,14,25,33,81,54,38,41,23,21,48,78,77,49,49,0,25,93,11,74,75,59,53,42,86,65,32,22,56,25,27,33,79,86,50,63,39,56,84,54,29,55,66,79,78,50,39,32,28,28,52,58,24,8,22,56,41,17,69,61,67,27,66,70,63,85,88,47,74,69,51,28,23,13,39,19,59,70,27,45,62,44,61,3,39,83,28,62,68,64,37,72,64,35,61,52,63,76,41,46,44,45,68,24,43
47,51,53,47,85,32,28,93,40,93,40,81,49,24,19,17,42,40,70,75,56,44,72,8,25,44,43,92,11,47,46,11,64,46,84,47,10,4,46,44,73,92,69,69,94,20,51,44,57,36,3,35,47,35,30,37,52,24,43,46,25,0,28,31,34,29,51,65,64,71,23,57,45,59,24,44,46,49,32,52,15,26,55,72,55,56,58,29,38,47,34,70,37,57,49,41,20,79,76,18,91,50,72,49,21,48,61,44,62,64,89,54,49,67,52,54,75,89,82,13,57,58,57,4,71,30,68,18,86,80,76,86,42,76,30,15,25,32,57,40,76,61,36,31,43,31,55,57,50,59
41,71,80,20,53,15,57,46,33,88,25,63,53,34,65,62,74,9,66,30,80,35,33,84,13,36,84,50,46,44,46,35,42,29,18,66,65,57,77,54,33,55,23,58,58,17,25,16,49,89,37,29,55,77,61,84,7,39,31,45,93,28,0,84,22,36,28,37,48,48,75,62,78,92,81,64,25,76,56,37,59,15,55,33,60,44,60,71,7,59,71,33,64,15,70,40,45,54,69,55,47,68,45,62,66,44,36,13,39,49,24,78,30,32,49,49,41,21,38,60,57,32,50,62,20,40,63,54,47,5,14,71,32,74,79,26,28,39,80,77,46,51,44,34,70,13,42,16,34,74
44,73,37,50,32,54,46,27,77,30,57,61,71,57,49,58,63,42,49,51,36,56,37,28,10,87,14,5,54,56,39,70,93,56,48,58,70,26,50,78,18,76,38,27,57,92,70,77,58,80,31,14,53,54,8,85,48,56,20,43,11,31,84,0,59,28,68,85,62,49,22,28,64,65,41,32,38,32,62,41,60,37,26,67,80,69,47,34,72,50,42,32,50,11,45,57,58,56,37,91,92,81,44,62,31,58,86,25,31,24,15,36,42,63,48,31,55,10,63,26,56,13,30,61,84,28,41,39,17,12,75,37,10,62,35,16,61,83,45,27,45,54,94,47,41,67,33,61,88,39
31,60,48,60,22,41,59,31,36,34,53,17,74,27,27,65,19,70,71,43,36,39,57,34,65,40,36,53,64,58,22,24,36,65,53,55,56,31,48,42,54,60,37,87,52,30,81,36,43,57,82,42,64,53,58,36,64,70,61,72,74,34,22,59,0,70,38,13,27,68,45,40,54,18,47,45,50,47,83,17,64,37,45,76,44,68,62,20,29,35,41,64,52,82,25,53,41,84,36,26,59,68,31,63,23,36,47,70,56,28,50,64,31,22,26,80,71,24,32,62,70,13,54,39,57,3,48,35,65,74,25,55,49,41,30,48,49,30,50,43,58,58,29,45,48,70,73,89,17,17
44,63,75,68,7,80,46,70,72,25,47,46,64,71,84,13,54,52,74,94,48,30,27,15,63,30,30,63,53,69,68,28,52,68,29,7,87,68,52,47,79,41,60,40,19,66,72,36,31,54,47,20,44,30,57,70,35,37,50,39,75,29,36,28,70,0,47,38,33,81,27,44,42,32,76,20,42,14,17,1,46,38,35,33,49,75,81,69,66,66,46,34,23,24,84,43,12,20,40,32,34,42,56,32,79,74,80,42,28,24,27,38,65,34,70,55,61,29,43,74,42,24,70,44,15,76,35,82,13,27,68,59,54,40,28,52,23,73,81,50,84,8,26,28,39,53,41,29,79,61
74,79,70,63,8,65,72,49,69,62,61,69,49,78,26,45,26,60,38,27,59,62,62,52,56,13,51,40,51,14,69,45,24,46,40,37,30,80,55,41,83,43,56,54,52,39,26,56,71,49,49,50,38,80,19,64,48,37,70,58,59,51,28,68,38,47,0,60,32,43,48,42,57,1,54,38,60,23,38,15,56,77,48,51,5,39,43,46,68,33,43,38,44,27,27,29,43,60,19,60,32,10,31,42,74,29,44,53,30,78,24,80,53,78,17,12,51,45,79,61,68,75,40,45,74,25,43,43,45,51,45,29,16,45,25,56,49,77,46,69,42,92,80,87,42,73,75,16,86,34
45,45,56,25,81,51,34,63,8,49,29,20,59,58,40,60,44,50,53,77,42,41,74,60,34,52,15,56,59,62,60,36,41,51,86,65,29,78,42,20,70,58,43,12,44,13,86,52,48,44,65,6,38,29,86,63,28,27,76,78,53,65,37,85,13,38,60,0,28,94,36,33,53,20,83,27,73,38,51,64,75,63,29,73,25,24,9,57,59,29,49,50,52,60,66,44,43,54,49,29,60,56,40,35,49,24,10,50,14,25,62,51,49,52,60,39,61,20,63,39,63,48,59,38,74,36,25,55,31,31,31,80,9,42,16,19,56,67,41,58,49,31,51,48,45,33,53,36,14,55
46,66,53,74,17,3,85,65,40,57,68,43,55,36,82,11,39,93,45,66,22,31,84,48,77,52,21,89,50,72,44,64,47,38,82,41,47,61,55,53,70,33,25,84,32,17,24,21,63,80,74,52,48,20,30,69,23,48,61,28,42,64,48,62,27,33,32,28,0,46,12,72,82,35,74,40,48,82,55,28,35,30,27,75,29,71,40,48,61,54,40,79,97,72,38,32,47,65,92,64,15,46,16,23,75,78,37,81,60,17,53,38,38,39,77,20,56,87,42,21,57,37,78,35,8,64,48,53,85,63,62,55,36,70,48,73,53,49,79,37,59,29,35,65,46,25,24,83,62,57
48,49,50,88,87,61,71,34,61,40,52,66,34,53,47,64,42,61,57,73,70,62,33,33,34,44,67,47,31,52,57,19,22,65,71,49,59,32,64,73,74,77,82,64,51,37,67,29,59,34,62,50,67,70,42,57,34,73,43,57,86,71,48,49,68,81,43,94,46,0,74,87,38,53,46,63,55,56,31,54,55,59,40,79,70,84,19,56,20,31,71,14,24,81,90,22,63,64,38,40,41,72,64,69,63,35,36,33,49,47,12,49,55,62,63,80,55,65,65,43,58,82,54,52,54,14,52,62,60,72,75,72,60,72,90,54,33,38,59,22,82,73,15,65,43,58,21,49,12,78
45,53,54,55,68,48,19,48,40,35,19,48,23,32,51,37,55,40,27,43,38,64,63,48,43,41,27,76,43,43,21,38,57,67,55,67,56,61,53,65,45,62,19,36,62,88,32,73,21,66,57,55,51,39,26,18,55,70,72,56,65,23,75,22,45,27,48,36,12,74,0,70,12,68,62,33,51,81,50,46,68,90,28,29,65,33,38,70,91,64,69,48,50,55,39,42,62,62,47,29,72,92,39,69,59,23,74,53,39,70,67,22,77,24,41,65,69,5,24,23,21,64,88,83,54,45,78,19,73,57,83,68,50,48,57,26,36,41,17,64,32,44,68,42,57,32,79,53,48,73
49,41,63,57,75,9,85,47,79,40,73,50,36,55,14,55,59,16,35,71,56,51,45,75,35,72,37,42,65,88,48,61,69,39,35,63,32,59,47,55,34,70,47,68,43,71,34,44,74,46,93,69,28,54,30,77,51,7,46,48,32,57,62,28,40,44,42,33,72,87,70,0,16,76,63,89,18,49,53,62,9,46,27,95,54,84,9,18,53,7,49,8,92,55,92,63,38,51,47,72,18,74,49,38,31,40,51,53,48,68,56,35,65,46,37,41,41,48,45,29,72,59,68,34,20,59,49,59,44,23,31,30,34,87,67,62,32,35,27,75,59,17,62,52,37,53,53,51,39,46
80,60,7,65,81,64,56,48,62,39,60,25,44,49,28,23,67,64,30,44,21,48,57,36,43,51,57,30,57,49,88,34,56,49,72,43,76,37,61,14,24,64,40,81,48,38,78,47,47,74,61,52,90,38,56,66,13,88,57,75,22,45,78,64,54,42,57,53,82,38,12,16,0,56,55,84,53,92,64,61,50,58,13,58,43,42,34,83,48,42,27,23,46,37,61,83,57,76,49,34,60,59,14,26,61,51,33,34,20,44,69,45,47,93,92,56,69,26,54,90,68,62,49,54,50,78,63,57,29,60,56,82,47,13,56,79,52,75,65,42,78,30,51,65,57,62,64,41,23,21
68,46,12,60,56,41,45,33,37,61,48,64,39,16,75,29,56,26,30,28,79,48,59,88,54,20,86,64,55,21,65,50,44,14,19,60,12,24,33,18,37,87,57,43,88,79,92,71,60,40,56,31,65,63,79,64,41,38,48,60,56,59,92,65,18,32,1,20,35,53,68,76,56,0,76,71,48,30,29,47,53,50,63,67,44,44,91,60,49,90,43,85,14,47,56,41,38,52,55,59,20,82,30,11,76,65,21,26,61,25,27,47,31,69,93,27,28,63,84,74,60,40,67,26,67,25,45,69,23,67,92,28,89,13,25,54,23,22,95,52,72,39,55,40,62,72,47,69,73,37
28,28,44,91,81,47,57,28,88,43,30,21,69,83,56,73,54,45,46,68,14,59,76,77,92,56,23,65,80,34,58,28,74,52,67,73,47,38,53,63,75,28,17,38,20,80,24,22,35,66,46,14,12,73,97,42,78,56,12,29,25,24,81,41,47,76,54,83,74,46,62,63,55,76,0,62,93,44,50,59,43,78,48,63,28,46,44,57,41,19,58,53,44,44,40,53,48,62,50,77,87,43,44,42,75,52,54,55,51,65,66,59,80,76,52,24,12,45,34,77,62,16,25,19,39,65,24,80,78,36,67,26,49,82,53,40,85,56,68,49,56,76,57,38,46,76,62,73,96,23
43,61,46,53,85,76,61,38,75,53,59,17,50,82,31,46,41,52,38,50,18,76,49,5,77,54,70,73,33,14,45,55,52,51,65,38,65,20,51,66,41,77,34,46,37,29,33,24,12,65,58,36,39,51,6,34,57,43,42,62,27,44,64,32,45,20,38,27,40,63,33,89,84,71,62,0,74,66,46,36,79,55,31,32,63,24,77,36,59,60,68,64,35,10,40,28,64,11,42,52,65,75,40,26,42,49,60,66,51,41,41,48,24,62,75,56,83,14,54,64,66,75,56,41,57,56,22,31,69,16,20,40,18,51,44,20,86,45,39,25,68,30,30,60,38,68,41,28,60,73
31,33,89,34,26,61,63,38,17,88,45,48,80,97,80,28,21,61,29,40,92,88,85,32,77,74,49,71,38,88,19,40,51,33,46,70,51,29,93,46,77,63,44,69,8,17,35,79,25,37,92,24,87,27,62,51,80,21,92,43,33,46,25,38,50,42,60,73,48,55,51,18,53,48,93,74,0,84,41,42,64,48,37,37,75,55,18,74,68,64,26,55,44,61,70,98,30,33,77,60,54,61,48,45,41,30,46,31,53,59,80,87,82,87,46,72,22,47,29,72,45,58,71,44,44,14,60,79,17,16,75,47,29,10,21,38,18,52,38,18,52,60,59,29,57,79,18,67,41,36
33,68,60,43,15,59,57,17,59,67,45,11,40,23,46,35,65,85,50,28,66,63,10,81,41,51,55,73,53,12,69,48,33,43,45,29,53,59,41,73,44,25,64,44,52,74,38,60,27,28,85,40,28,47,69,39,29,55,63,90,79,49,76,32,47,14,23,38,82,56,81,49,92,30,44,66,84,0,58,77,77,25,19,82,45,30,48,62,64,94,41,86,62,61,50,45,76,40,80,63,34,36,30,28,57,54,55,57,35,66,44,68,30,54,48,70,40,81,80,74,54,5,69,83,86,63,85,27,40,21,45,13,72,68,65,48,49,53,39,41,60,39,59,85,49,63,90,85,53,46
52,17,61,89,25,56,27,50,71,73,52,42,55,42,28,75,74,71,35,44,25,46,27,22,82,27,63,92,60,17,41,57,37,41,52,58,63,9,51,49,49,46,93,86,41,51,48,44,29,60,45,49,31,62,60,44,32,57,60,89,86,32,56,62,83,17,38,51,55,31,50,53,64,29,50,46,41,58,0,54,30,59,60,83,87,46,79,95,63,29,19,56,63,11,43,6,74,42,57,52,36,68,49,43,23,99,49,41,53,89,47,40,43,18,62,47,75,35,53,19,33,16,35,80,56,88,31,44,38,88,57,71,58,48,62,9,71,79,56,15,47,64,75,62,31,63,42,67,74,29
46,53,30,60,36,42,26,45,27,55,50,44,15,32,20,62,59,65,64,43,37,44,20,38,51,48,68,76,40,24,39,72,75,20,45,51,61,78,48,80,43,89,46,47,10,15,70,32,43,43,67,70,66,19,44,36,45,33,77,21,50,52,37,41,17,1,15,64,28,54,46,62,61,47,59,36,42,77,54,0,43,52,56,31,15,65,61,63,62,51,21,66,65,17,65,43,74,54,59,60,59,26,34,47,42,54,48,28,69,33,45,52,69,71,76,30,49,43,52,44,33,46,52,55,77,46,41,58,52,66,17,55,40,69,62,67,55,26,60,10,59,8,43,38,57,24,75,60,37,55
67,43,32,81,32,73,48,67,10,86,46,67,48,92,92,36,75,57,74,59,71,50,29,32,32,43,89,28,35,31,18,40,51,46,47,60,48,5,82,53,38,50,82,81,65,48,56,61,83,47,67,21,49,51,18,37,32,56,88,45,63,15,59,60,64,46,56,75,35,55,68,9,50,53,43,79,64,77,30,43,0,11,29,38,77,66,44,53,73,73,54,49,90,67,26,28,51,67,11,33,14,49,74,77,32,51,49,58,55,45,45,35,59,38,41,67,70,18,41,64,67,29,34,57,76,46,56,56,11,20,67,89,44,34,40,43,85,91,23,40,58,70,42,85,9,48,57,14,40,70
74,50,30,74,72,51,14,39,57,88,57,44,57,32,36,55,59,26,70,76,28,34,33,57,18,49,66,13,9,48,42,65,70,44,97,37,60,85,67,51,71,23,26,82,25,58,39,19,46,44,64,52,20,43,56,83,57,89,62,26,39,26,15,37,37,38,77,63,30,59,90,46,58,50,78,55,48,25,59,52,11,0,38,45,54,46,31,67,29,73,27,28,80,50,67,13,65,27,33,86,29,59,73,33,76,81,72,30,75,46,10,39,47,18,72,23,51,53,64,63,66,25,71,41,75,73,48,66,11,55,62,41,49,89,37,44,87,41,34,94,23,73,46,53,83,62,75,46,34,46
46,36,75,11,41,58,61,70,70,27,71,65,48,38,70,59,38,60,93,83,59,70,50,63,56,42,39,65,43,46,64,72,56,58,90,31,43,86,61,32,75,66,76,49,13,52,44,37,46,56,46,53,24,46,36,74,39,56,70,75,56,55,55,26,45,35,48,29,27,40,28,27,13,63,48,31,37,19,60,56,29,38,0,69,50,29,86,57,42,32,51,63,76,82,26,44,50,14,29,63,33,13,29,45,34,60,23,69,52,63,34,36,50,34,55,73,85,39,60,43,61,43,35,83,54,84,14,25,35,38,86,35,48,71,20,84,61,18,20,94,81,59,43,41,35,45,26,18,35,7
38,62,66,52,75,25,43,74,51,12,63,57,50,71,35,53,56,48,49,91,56,65,45,37,21,68,39,62,40,89,61,76,62,61,54,75,42,43,80,21,92,14,70,43,59,50,45,35,20,73,33,23,38,38,48,44,27,59,70,49,84,72,33,67,76,33,51,73,75,79,29,95,58,67,63,32,37,82,83,31,38,45,69,0,33,27,55,40,64,58,48,41,23,53,77,86,24,56,90,33,29,42,64,33,69,42,22,73,13,61,76,50,22,29,61,42,49,58,36,70,63,54,41,56,15,79,71,60,43,29,47,59,43,42,91,74,50,54,53,29,43,67,2,59,45,40,14,72,72,30
59,72,44,94,60,73,56,45,56,48,58,56,29,66,74,62,22,38,47,31,74,28,17,50,68,43,55,65,65,60,78,64,44,50,56,67,34,1,28,10,86,18,50,18,73,95,25,64,67,72,61,32,29,69,13,63,43,57,36,89,54,55,60,80,44,49,5,25,29,70,65,54,43,44,28,63,75,45,87,15,77,54,50,33,0,62,48,10,61,50,49,48,21,55,42,74,93,23,48,53,60,57,18,31,67,21,58,55,29,43,76,51,71,65,19,32,71,27,5,48,47,57,54,27,53,33,82,56,60,63,7,65,54,51,59,50,9,27,75,16,73,72,54,66,69,59,56,84,34,80
43,82,42,34,92,9,47,33,69,50,70,66,26,29,86,44,74,63,72,48,83,37,74,54,32,35,49,38,37,65,44,43,53,55,68,41,65,51,32,65,52,46,51,48,55,57,39,63,49,31,47,81,46,37,69,87,65,43,31,31,29,56,44,69,68,75,39,24,71,84,33,84,42,44,46,24,55,30,46,65,66,46,29,27,62,0,35,67,87,61,75,57,11,43,80,59,88,27,74,38,90,81,85,48,76,57,57,85,85,63,30,7,58,25,50,60,41,73,37,39,49,62,33,75,34,70,62,58,54,32,22,65,4,18,68,90,49,48,54,56,86,45,47,39,46,54,42,47,71,54
76,31,75,25,31,76,73,57,22,47,69,45,39,68,54,65,27,38,37,56,60,26,54,72,35,50,17,14,44,52,26,48,52,35,27,12,52,41,26,19,56,55,38,89,86,49,65,27,26,44,36,36,63,72,60,15,58,42,31,86,55,58,60,47,62,81,43,9,40,19,38,9,34,91,44,77,18,48,79,61,44,31,86,55,48,35,0,38,36,21,24,20,21,66,57,35,42,48,88,47,22,66,63,54,31,92,14,13,47,57,75,51,29,47,23,49,53,89,73,34,53,49,79,34,34,43,41,47,53,19,82,49,45,28,5,62,65,60,47,82,53,33,51,48,68,57,34,66,35,32
49,49,43,38,77,91,41,37,75,62,29,61,61,30,61,65,55,27,44,13,9,26,32,29,73,40,75,55,24,58,11,39,27,50,36,65,71,54,76,17,84,15,38,45,92,37,30,61,13,24,39,26,59,73,87,38,42,65,30,65,66,29,71,34,20,69,46,57,48,56,70,18,83,60,57,36,74,62,95,63,53,67,57,40,10,67,38,0,78,72,43,54,35,74,48,72,48,52,54,39,90,42,57,84,59,44,68,89,42,43,10,25,57,49,55,35,82,86,62,53,53,71,60,17,59,53,90,14,27,33,34,33,80,54,35,72,14,57,53,87,50,29,38,18,10,49,70,40,57,59
44,30,87,48,80,88,66,39,57,58,15,74,66,48,68,71,22,16,35,18,55,63,93,83,31,40,49,72,14,66,81,23,1,22,33,49,73,34,56,67,64,15,33,47,45,67,66,98,24,60,52,28,60,37,32,13,69,51,15,72,79,38,7,72,29,66,68,59,61,20,91,53,48,49,41,59,68,64,63,62,73,29,42,64,61,87,36,78,0,66,61,81,52,45,53,54,71,44,50,72,53,70,47,51,13,42,77,36,78,22,47,21,45,58,49,84,49,39,55,39,37,57,94,54,52,59,44,75,51,59,52,58,28,53,77,67,66,50,35,29,78,86,42,23,64,33,13,48,23,30
49,63,45,57,55,49,89,31,69,23,48,47,70,52,5,69,82,22,59,67,15,72,54,39,72,60,39,57,39,75,22,29,58,32,40,69,11,15,36,46,58,67,75,31,58,25,59,63,64,48,39,54,35,63,52,55,64,33,68,52,78,47,59,50,35,66,33,29,54,31,64,7,42,90,19,60,64,94,29,51,73,73,32,58,50,61,21,72,66,0,20,62,79,57,37,35,43,38,87,47,14,44,44,78,39,82,84,84,50,41,41,49,72,54,60,37,49,45,72,84,49,48,14,46,45,32,15,28,69,48,57,59,15,42,65,56,21,63,53,60,40,80,13,58,32,52,31,52,53,66
30,52,51,22,37,62,87,35,26,85,83,44,58,45,52,64,45,76,55,56,39,40,60,60,29,43,42,69,59,79,63,50,84,50,14,64,18,31,78,62,91,48,33,56,54,26,30,39,43,71,59,34,12,22,58,45,41,78,47,46,50,34,71,42,41,46,43,49,40,71,69,49,27,43,58,68,26,41,19,21,54,27,51,48,49,75,24,43,61,20,0,28,53,52,69,47,38,23,44,61,15,37,52,16,78,34,87,57,59,36,52,26,68,61,53,67,47,39,17,62,54,54,51,35,23,29,67,42,67,57,41,68,46,45,60,11,41,71,48,25,50,45,29,65,70,48,18,68,10,75
78,49,38,74,40,68,46,35,37,78,47,44,56,24,47,32,21,59,61,26,53,50,86,89,77,44,46,50,49,71,43,15,33,43,70,86,69,34,43,22,59,58,47,49,93,69,59,90,52,17,24,50,45,53,42,61,47,33,38,61,39,70,33,32,64,34,38,50,79,14,48,8,23,85,53,64,55,86,56,66,49,28,63,41,48,57,20,54,81,62,28,0,68,68,44,57,78,76,16,29,23,28,16,61,48,83,67,47,54,69,21,32,83,46,53,85,36,75,38,64,82,55,64,53,25,60,85,35,38,54,70,58,79,38,77,56,47,50,66,68,46,46,42,37,19,83,57,25,20,49
42,63,74,84,23,37,38,71,44,88,45,46,21,75,18,20,41,74,90,53,64,21,43,41,24,44,56,40,69,64,68,68,60,64,45,66,49,40,26,75,50,87,18,45,53,74,13,70,28,53,56,49,82,38,64,22,55,56,19,49,32,37,64,50,52,23,44,52,97,24,50,92,46,14,44,35,44,62,63,65,90,80,76,23,21,11,21,35,52,79,53,68,0,40,63,41,56,30,52,44,40,61,34,63,63,64,84,55,29,62,72,48,46,54,42,23,34,54,44,71,48,59,31,70,48,70,79,90,39,51,39,75,58,58,52,49,51,36,19,73,81,66,76,71,40,24,80,32,33,34
63,35,56,98,75,29,40,49,28,35,50,24,47,73,65,49,43,60,47,61,57,72,89,53,14,34,9,38,95,58,17,48,34,10,50,75,85,39,33,70,50,54,41,58,63,79,14,43,47,52,61,57,48,92,81,28,12,43,74,60,28,57,15,11,82,24,27,60,72,81,55,55,37,47,44,10,61,61,11,17,67,50,82,53,55,43,66,74,45,57,52,68,40,0,20,45,61,54,40,43,48,65,64,43,42,43,73,43,30,29,75,49,70,42,58,57,17,33,43,75,44,54,57,57,40,51,31,23,44,5,58,39,60,18,49,82,44,44,4,60,30,61,14,11,58,39,65,40,84,18
28,58,31,46,52,21,28,24,74,62,45,67,47,14,54,52,40,40,58,25,20,64,51,63,37,60,70,72,55,20,52,81,54,52,28,34,59,25,27,49,57,73,20,71,34,55,67,35,26,59,15,26,43,96,75,57,64,62,51,73,28,49,70,45,25,84,27,66,38,90,39,92,61,56,40,40,70,50,43,65,26,67,26,77,42,80,57,48,53,37,69,44,63,20,0,29,57,21,43,37,58,59,61,80,12,60,41,55,86,19,41,56,31,24,41,61,90,69,63,41,88,94,61,33,74,43,20,84,60,17,53,62,47,30,43,42,73,31,33,78,49,57,37,52,49,43,42,66,70,64
87,65,40,88,54,46,17,49,56,62,57,32,71,38,82,39,44,10,37,19,81,47,34,26,27,59,50,93,39,69,59,61,31,35,48,35,54,72,39,26,53,42,31,55,68,35,30,71,29,78,42,55,44,64,79,53,20,76,48,68,52,41,40,57,53,43,29,44,32,22,42,63,83,41,53,28,98,45,6,43,28,13,44,86,74,59,35,72,54,35,47,57,41,45,29,0,27,31,40,49,34,50,76,43,41,62,40,62,38,90,61,25,15,45,64,69,36,47,20,71,39,40,25,45,49,29,67,22,63,56,84,76,19,50,61,23,49,52,45,49,51,48,60,12,35,26,44,20,49,45
73,31,27,52,60,66,22,52,56,85,65,38,48,73,58,52,42,54,15,45,64,64,36,56,66,19,26,36,42,62,36,59,13,72,61,59,56,51,61,31,85,11,91,10,62,36,56,53,64,66,15,52,80,82,35,66,60,76,21,82,58,20,45,58,41,12,43,43,47,63,62,38,57,38,48,64,30,76,74,74,51,65,50,24,93,88,42,48,71,43,38,78,56,61,57,27,0,91,3,42,51,51,25,29,67,33,62,66,59,65,64,30,54,36,78,61,33,65,52,41,4,89,29,53,61,68,63,19,88,61,29,58,39,15,49,78,62,39,51,18,20,39,49,44,53,80,52,86,37,43
46,68,34,24,21,35,27,23,20,72,35,40,51,79,52,74,26,83,62,44,81,58,89,23,28,82,21,29,26,57,23,75,50,42,40,50,45,67,29,61,24,63,57,54,53,81,62,40,64,57,42,26,60,41,25,82,50,39,51,29,24,79,54,56,84,20,60,54,65,64,62,51,76,52,62,11,33,40,42,54,67,27,14,56,23,27,48,52,44,38,23,76,30,54,21,31,91,0,77,16,24,66,60,45,85,38,63,44,30,50,53,88,45,71,42,79,96,15,50,47,59,21,66,53,28,43,73,55,42,27,37,61,28,47,51,82,80,44,68,57,30,45,13,10,50,63,41,78,69,72
42,65,22,42,39,39,70,25,42,34,66,49,24,32,24,60,27,45,76,23,52,36,29,57,45,45,38,70,60,46,82,82,58,87,78,42,9,33,78,31,67,71,56,34,50,46,73,76,48,76,41,17,53,39,46,17,58,72,21,51,8,76,69,37,36,40,19,49,92,38,47,47,49,55,50,42,77,80,57,59,11,33,29,90,48,74,88,54,50,87,44,16,52,40,43,40,3,77,0,27,55,63,60,41,40,32,70,60,47,45,35,43,43,25,72,81,58,46,30,55,42,20,24,35,50,28,27,69,69,26,22,30,13,83,60,51,42,53,43,64,35,48,8,35,75,59,37,24,36,59
31,38,63,61,36,48,38,52,62,96,60,62,35,20,24,51,45,52,54,50,80,42,57,41,54,23,13,70,25,11,55,60,30,67,19,29,34,55,57,61,71,31,64,77,68,52,39,53,38,57,35,47,59,40,45,57,81,25,60,60,22,18,55,91,26,32,60,29,64,40,29,72,34,59,77,52,60,63,52,60,33,86,63,33,53,38,47,39,72,47,61,29,44,43,37,49,42,16,27,0,35,23,70,39,53,33,53,27,70,52,55,81,66,41,61,41,48,38,14,53,75,78,35,30,31,36,41,39,35,46,57,70,83,44,34,56,39,43,40,64,41,68,50,38,37,29,17,18,22,38
49,28,82,68,20,94,25,75,57,89,8,68,31,67,28,2,59,31,45,56,57,87,57,10,36,43,38,61,61,91,28,66,61,50,53,56,48,60,27,39,59,27,61,32,51,20,44,36,35,63,27,52,18,47,48,25,47,49,24,28,56,91,47,92,59,34,32,60,15,41,72,18,60,20,87,65,54,34,36,59,14,29,33,29,60,90,22,90,53,14,15,23,40,48,58,34,51,24,55,35,0,22,58,55,48,57,84,55,15,27,40,45,20,87,47,37,59,41,96,36,44,55,44,18,48,31,78,59,23,1,39,82,50,61,72,54,25,51,43,47,49,87,57,80,47,55,8,40,50,75
62,54,60,90,71,84,6,41,34,45,31,61,50,49,45,31,34,16,45,86,80,60,30,35,77,53,51,15,56,27,12,38,49,71,52,81,37,47,45,65,45,66,65,25,95,45,58,44,43,52,61,28,68,57,28,27,64,61,32,17,41,50,68,81,68,42,10,56,46,72,92,74,59,82,43,75,61,36,68,26,49,59,13,42,57,81,66,42,70,44,37,28,61,65,59,50,51,66,63,23,22,0,63,33,37,61,59,74,81,64,67,36,53,16,31,69,59,58,96,77,29,36,62,50,60,51,26,47,67,37,65,64,42,28,54,35,61,83,9,46,50,30,3,21,29,84,91,55,67,43
53,92,50,31,67,25,41,90,52,44,49,86,36,61,47,79,53,71,52,70,53,45,68,20,37,40,86,64,54,46,44,52,86,49,43,82,36,18,66,68,51,70,69,37,31,56,81,36,40,78,76,67,40,94,58,33,74,48,33,95,17,72,45,44,31,56,31,40,16,64,39,49,14,30,44,40,48,30,49,34,74,73,29,64,18,85,63,57,47,44,52,16,34,64,61,76,25,60,60,70,58,63,0,41,29,76,46,84,88,41,11,47,55,94,58,17,77,33,35,61,53,47,48,64,39,82,51,22,85,71,37,47,52,55,28,86,65,63,61,33,33,75,92,60,51,27,24,49,71,54
69,57,29,44,50,66,23,55,30,63,60,72,60,50,36,81,31,44,29,36,33,51,57,17,48,3,45,28,19,78,43,53,67,63,44,55,40,61,16,56,90,79,54,40,63,55,89,25,9,1,72,21,61,26,32,43,57,26,58,49,69,49,62,62,63,32,42,35,23,69,69,38,26,11,42,26,45,28,43,47,77,33,45,33,31,48,54,84,51,78,16,61,63,43,80,43,29,45,41,39,55,33,41,0,64,28,29,24,65,71,57,50,62,62,31,68,30,60,32,12,89,43,28,56,51,33,59,69,43,25,15,34,82,82,52,36,47,44,78,40,50,82,90,43,67,39,44,47,72,31
75,28,65,49,42,26,25,70,55,80,70,9,58,63,47,77,73,31,69,19,39,55,63,15,44,27,30,59,28,20,76,86,43,19,77,60,33,47,26,18,58,33,34,41,19,43,51,37,80,52,74,13,26,44,18,49,93,40,81,71,61,21,66,31,23,79,74,49,75,63,59,31,61,76,75,42,41,57,23,42,32,76,34,69,67,76,31,59,13,39,78,48,63,42,12,41,67,85,40,53,48,37,29,64,0,70,50,68,43,66,55,79,59,23,47,81,93,57,67,56,27,47,84,41,60,55,39,14,36,44,30,48,43,81,12,54,28,44,49,23,88,29,50,45,37,63,36,47,88,54
46,59,48,30,60,13,93,57,27,71,75,47,52,30,7,26,56,70,52,46,84,73,68,75,80,70,45,36,81,37,21,58,40,52,51,59,49,71,17,34,29,84,5,49,56,41,79,8,11,37,49,23,31,72,36,43,62,72,19,72,67,48,44,58,36,74,29,24,78,35,23,40,51,65,52,49,30,54,99,54,51,81,60,42,21,57,92,44,42,82,34,83,64,43,60,62,33,38,32,33,57,61,76,28,70,0,63,52,65,72,45,64,86,44,58,36,73,80,36,17,22,61,11,51,64,81,85,47,35,36,28,31,57,26,37,55,76,10,40,48,62,44,68,68,46,13,47,51,55,81
45,15,44,66,17,96,33,31,32,34,38,56,52,36,51,61,16,29,22,43,52,33,23,21,20,41,30,70,51,52,23,63,49,37,41,50,53,37,69,40,48,71,73,48,85,64,44,93,77,54,25,96,13,39,55,65,57,80,42,82,27,61,36,86,47,80,44,10,37,36,74,51,33,21,54,60,46,55,49,48,49,72,23,22,58,57,14,68,77,84,87,67,84,73,41,40,62,63,70,53,84,59,46,29,50,63,0,56,27,34,39,78,43,51,46,61,42,28,57,51,47,44,67,72,53,79,51,34,42,51,35,37,46,18,94,58,24,49,85,50,68,41,49,45,85,74,71,69,55,56
47,27,43,4,83,37,80,43,31,60,81,37,65,54,59,27,55,31,23,30,35,53,75,80,44,59,38,65,77,73,69,24,41,4,58,14,66,38,43,40,58,36,64,62,45,66,55,55,71,81,53,83,57,61,66,45,55,66,30,41,66,44,13,25,70,42,53,50,81,33,53,53,34,26,55,66,31,57,41,28,58,30,69,73,55,85,13,89,36,84,57,47,55,43,55,62,66,44,60,27,55,74,84,24,68,52,56,0,49,39,55,65,87,84,48,48,30,37,73,44,65,21,65,49,62,78,38,47,32,57,83,51,21,58,22,29,53,22,43,69,49,82,39,22,58,69,64,39,56,49
60,24,28,69,47,21,90,71,28,73,43,77,91,16,71,49,29,10,24,35,71,21,53,21,54,43,73,61,72,30,27,31,33,47,65,24,51,50,94,40,86,53,64,50,65,67,27,49,40,67,40,36,91,61,90,3,88,40,31,76,70,62,39,31,56,28,30,14,60,49,39,48,20,61,51,51,53,35,53,69,55,75,52,13,29,85,47,42,78,50,59,54,29,30,86,38,59,30,47,70,15,81,88,65,43,65,27,49,0,59,29,11,70,70,23,78,15,65,22,60,63,50,49,80,83,38,28,37,12,60,44,9,44,48,28,49,47,76,31,59,78,52,57,47,70,66,50,76,10,76
38,61,37,65,27,64,22,55,47,66,72,42,20,26,21,10,20,79,39,63,17,53,79,49,33,60,50,60,61,38,47,58,69,30,73,32,45,51,28,69,49,23,53,68,65,19,53,55,68,66,68,62,63,61,8,80,79,27,44,41,63,64,49,24,28,24,78,25,17,47,70,68,44,25,65,41,59,66,89,33,45,46,63,61,43,63,57,43,22,41,36,69,62,29,19,90,65,50,45,52,27,64,41,71,66,72,34,39,59,0,40,61,66,46,69,48,19,31,79,51,48,29,48,74,55,73,70,38,55,37,77,36,51,26,45,67,68,62,69,42,48,80,49,92,65,23,38,59,69,50
58,69,43,86,35,60,43,76,54,71,36,47,35,49,85,32,49,14,74,23,57,60,46,45,20,41,51,63,22,38,56,68,31,88,42,36,59,81,54,44,76,51,78,22,33,71,61,40,20,71,43,35,47,40,44,75,71,87,15,72,85,89,24,15,50,27,24,62,53,12,67,56,69,27,66,41,80,44,47,45,45,10,34,76,76,30,75,10,47,41,52,21,72,75,41,61,64,53,35,55,40,67,11,57,55,45,39,55,29,40,0,42,55,60,56,73,83,27,56,44,58,82,95,53,39,71,12,42,40,15,73,70,35,63,66,30,69,74,57,55,14,76,59,68,9,31,87,78,93,64
13,20,67,45,41,39,69,55,62,42,16,24,73,74,54,27,79,49,66,87,29,47,28,90,77,30,40,39,60,83,70,16,19,15,54,79,49,57,54,79,26,60,36,38,23,62,66,41,55,36,34,16,23,62,81,88,66,69,44,94,88,54,78,36,64,38,80,51,38,49,22,35,45,47,59,48,87,68,40,52,35,39,36,50,51,7,51,25,21,49,26,32,48,49,56,25,30,88,43,81,45,36,47,50,79,64,78,65,11,61,42,0,13,75,55,28,46,51,48,33,9,16,41,31,60,16,40,66,66,93,72,83,78,19,28,79,45,46,45,71,55,55,49,62,60,78,58,18,39,59
51,47,47,61,25,41,42,22,42,6,22,74,69,43,14,53,28,73,25,71,87,72,73,57,56,45,88,49,57,47,22,63,41,23,61,54,56,52,61,30,37,53,43,31,42,56,17,34,36,65,66,58,45,61,18,56,46,48,24,55,47,49,30,42,31,65,53,49,38,55,77,65,47,31,80,24,82,30,43,69,59,47,50,22,71,58,29,57,45,72,68,83,46,70,31,15,54,45,43,66,20,53,55,62,59,86,43,87,70,66,55,13,0,54,47,53,23,51,55,24,59,70,44,55,71,97,66,48,65,65,45,53,16,55,61,67,44,56,53,42,53,62,68,60,55,21,52,40,60,84
38,71,61,48,72,60,53,27,37,34,54,77,47,23,61,20,63,14,34,57,38,24,43,44,41,64,19,22,64,58,63,37,21,74,55,18,63,10,49,69,63,46,47,87,21,31,68,63,45,55,41,30,19,62,27,70,25,68,52,23,74,67,32,63,22,34,78,52,39,62,24,46,93,69,76,62,87,54,18,71,38,18,34,29,65,25,47,49,58,54,61,46,54,42,24,45,36,71,25,41,87,16,94,62,23,44,51,84,70,46,60,75,54,0,39,79,52,27,57,18,3,45,60,37,38,11,43,8,69,37,60,77,34,27,19,54,13,58,85,27,44,81,44,41,78,69,79,84,38,24
78,82,33,59,49,66,16,42,53,50,19,33,30,40,80,55,62,18,9,64,34,4,44,42,25,86,42,74,76,40,81,41,93,50,22,21,43,48,86,56,73,14,57,73,49,41,80,69,69,19,76,48,74,14,44,28,35,64,22,42,69,52,49,48,26,70,17,60,77,63,41,37,92,93,52,75,46,48,62,76,41,72,55,61,19,50,23,55,49,60,53,53,42,58,41,64,78,42,72,61,47,31,58,31,47,58,46,48,23,69,56,55,47,39,0,52,47,35,64,29,46,64,76,74,69,46,65,70,46,50,51,10,69,54,50,56,91,77,77,90,34,9,45,60,88,48,66,63,57,84
15,46,60,55,40,34,47,20,50,29,42,66,81,34,57,44,49,72,57,50,46,33,41,47,91,56,51,50,39,73,83,20,50,31,45,24,64,75,82,59,78,61,30,12,32,71,51,30,21,80,61,33,38,37,54,58,59,46,35,57,51,54,49,31,80,55,12,39,20,80,65,41,56,27,24,56,72,70,47,30,67,23,73,42,32,60,49,35,84,37,67,85,23,57,61,69,61,79,81,41,37,69,17,68,81,36,61,48,78,48,73,28,53,79,52,0,69,38,57,60,35,39,94,52,46,57,68,31,69,56,15,30,64,20,88,22,35,58,14,25,71,66,50,71,87,47,67,68,73,62
83,54,22,69,51,93,24,42,49,87,62,62,74,95,23,59,64,55,44,37,40,31,24,23,57,81,43,22,45,90,18,67,7,50,47,56,27,23,6,73,76,38,19,43,31,42,32,71,55,79,36,81,60,51,70,39,52,91,59,53,28,75,41,55,71,61,51,61,56,55,69,41,69,28,12,83,22,40,75,49,70,51,85,49,71,41,53,82,49,49,47,36,34,17,90,36,33,96,58,48,59,59,77,30,93,73,42,30,15,19,83,46,23,52,47,69,0,46,56,67,26,30,61,71,83,37,91,48,63,52,41,61,33,61,23,95,46,19,30,68,44,41,87,38,54,63,26,45,84,81
32,67,33,59,30,73,77,55,40,33,85,45,38,87,56,47,49,51,10,12,39,47,63,47,63,50,57,24,43,56,60,35,40,33,84,82,37,34,29,67,69,15,65,50,58,65,51,83,37,43,33,74,56,44,64,12,24,30,50,27,23,89,21,10,24,29,45,20,87,65,5,48,26,63,45,14,47,81,35,43,18,53,39,58,27,73,89,86,39,45,39,75,54,33,69,47,65,15,46,38,41,58,33,60,57,80,28,37,65,31,27,51,51,27,35,38,46,0,36,46,18,48,80,44,37,35,88,47,60,72,62,70,61,75,43,35,58,97,64,58,56,45,42,41,62,82,51,32,50,90
24,79,26,43,20,32,41,81,59,57,54,37,49,13,48,65,31,29,63,69,41,71,76,31,55,8,23,48,11,30,82,45,54,71,30,78,54,68,87,43,33,25,29,65,33,68,70,8,26,51,72,45,19,14,25,33,63,23,29,43,13,82,38,63,32,43,79,63,42,65,24,45,54,84,34,54,29,80,53,52,41,64,60,36,5,37,73,62,55,72,17,38,44,43,63,20,52,50,30,14,96,96,35,32,67,36,57,73,22,79,56,48,55,57,64,57,56,36,0,45,57,93,65,43,41,68,39,31,32,57,32,40,34,51,86,36,55,94,43,62,53,53,29,63,48,58,69,33,82,35
37,23,19,74,80,74,46,66,26,90,82,49,50,9,25,65,46,65,3,75,32,12,63,43,31,54,53,86,70,68,50,62,89,35,55,43,72,53,59,57,61,37,33,11,66,59,47,13,64,44,54,41,23,67,71,63,20,48,60,40,39,13,60,26,62,74,61,39,21,43,23,29,90,74,77,64,72,74,19,44,64,63,43,70,48,39,34,53,39,84,62,64,71,75,41,71,41,47,55,53,36,77,61,12,56,17,51,44,60,51,44,33,24,18,29,60,67,46,45,0,46,36,73,37,51,62,46,58,48,28,72,61,72,58,62,41,66,68,57,83,51,2,51,38,52,25,45,21,21,31
72,33,38,22,15,45,67,54,66,63,76,29,51,87,69,21,67,36,26,28,59,47,67,3,55,9,31,40,71,68,18,43,36,90,60,12,60,65,82,50,65,85,43,85,53,40,49,3,15,42,81,38,89,39,57,67,28,26,33,57,19,57,57,56,70,42,68,63,57,58,21,72,68,60,62,66,45,54,33,33,67,66,61,63,47,49,53,53,37,49,54,82,48,44,88,39,4,59,42,75,44,29,53,89,27,22,47,65,63,48,58,9,59,3,46,35,26,18,57,46,0,38,58,23,35,39,74,36,50,14,63,25,90,40,17,33,32,35,27,28,62,62,64,13,57,55,62,73,65,26
52,53,46,66,51,30,59,82,32,37,35,64,60,33,73,79,70,30,88,52,58,70,33,51,23,6,32,22,67,36,42,21,32,8,41,45,20,75,45,68,89,73,42,40,52,69,56,30,77,47,38,26,74,34,62,59,59,60,42,70,59,58,32,13,13,24,75,48,37,82,64,59,62,40,16,75,58,5,16,46,29,25,43,54,57,62,49,71,57,48,54,55,59,54,94,40,89,21,20,78,55,36,47,43,47,61,44,21,50,29,82,16,70,45,64,39,30,48,93,36,38,0,24,20,48,32,68,66,35,11,48,46,93,70,58,40,45,63,51,38,62,10,91,13,60,44,49,60,33,44
78,8,33,52,31,52,37,70,62,64,47,82,54,35,66,97,23,41,47,8,16,62,82,42,84,39,39,34,60,39,45,52,60,77,68,33,44,43,28,58,64,54,58,12,32,41,82,81,48,39,65,65,56,62,62,52,66,80,74,78,70,57,50,30,54,70,40,59,78,54,88,68,49,67,25,56,71,69,35,52,34,71,35,41,54,33,79,60,94,14,51,64,31,57,61,25,29,66,24,35,44,62,48,28,84,11,67,65,49,48,95,41,44,60,76,94,61,80,65,73,58,24,0,25,84,43,84,32,57,67,90,49,36,28,74,42,69,72,61,43,27,19,59,25,44,62,47,84,97,28
19,60,44,79,40,53,34,28,29,47,33,54,44,46,10,80,73,53,8,71,94,44,18,46,69,83,25,27,52,36,21,34,52,53,69,36,41,51,80,18,44,27,58,46,44,42,45,33,36,71,17,33,33,28,58,62,25,35,43,49,27,4,62,61,39,44,45,38,35,52,83,34,54,26,19,41,44,83,80,55,57,41,83,56,27,75,34,17,54,46,35,53,70,57,33,45,53,53,35,30,18,50,64,56,41,51,72,49,80,74,53,31,55,37,74,52,71,44,43,37,23,20,25,0,17,28,40,28,18,78,47,63,34,73,56,30,30,80,37,79,53,50,11,45,41,59,32,80,76,37
54,48,75,74,61,38,71,34,33,88,49,43,29,81,35,71,20,53,83,71,49,42,32,46,62,40,50,27,31,76,13,46,54,28,43,88,62,9,67,89,43,80,19,23,19,40,14,26,54,64,61,70,34,38,63,35,54,81,17,44,45,71,20,84,57,15,74,74,8,54,54,20,50,67,39,57,44,86,56,77,76,75,54,15,53,34,34,59,52,45,23,25,48,40,74,49,61,28,50,31,48,60,39,51,60,64,53,62,83,55,39,60,71,38,69,46,83,37,41,51,35,48,84,17,0,47,48,38,88,34,47,73,50,52,40,37,54,48,62,52,35,15,43,14,17,59,86,94,51,70
55,77,14,37,51,28,22,55,55,23,66,20,62,20,50,58,53,20,38,11,71,25,35,69,75,43,55,44,31,69,53,41,45,74,22,68,32,13,50,49,44,24,39,42,57,67,44,44,75,60,13,56,50,45,63,8,69,43,73,13,62,30,40,28,3,76,25,36,64,14,45,59,78,25,65,56,14,63,88,46,46,73,84,79,33,70,43,53,59,32,29,60,70,51,43,29,68,43,28,36,31,51,82,33,55,81,79,78,38,73,71,16,97,11,46,57,37,35,68,62,39,32,43,28,47,0,84,55,88,50,75,30,71,35,82,46,51,77,47,47,42,29,24,50,50,70,50,43,22,56
27,48,7,68,37,69,50,83,63,67,55,58,46,29,26,46,18,9,60,57,91,89,45,49,58,72,54,62,35,85,50,78,70,43,89,74,56,17,55,70,42,47,34,51,78,87,38,56,54,66,60,79,55,80,41,70,30,59,46,19,44,68,63,41,48,35,43,25,48,52,78,49,63,45,24,22,60,85,31,41,56,48,14,71,82,62,41,90,44,15,67,85,79,31,20,67,63,73,27,41,78,26,51,59,39,85,51,38,28,70,12,40,66,43,65,68,91,88,39,46,74,68,84,40,48,84,0,14,19,12,49,46,39,24,21,39,46,66,44,75,18,49,25,40,24,47,40,46,62,80
79,90,47,76,31,55,43,13,22,15,40,72,75,24,55,38,52,69,60,23,18,47,41,50,59,42,95,12,76,36,44,46,32,46,63,35,34,57,53,53,57,42,32,46,24,61,65,37,27,33,46,17,46,41,72,67,58,44,28,14,61,18,54,39,35,82,43,55,53,62,19,59,57,69,80,31,79,27,44,58,56,66,25,60,56,58,47,14,75,28,42,35,90,23,84,22,19,55,69,39,59,47,22,69,14,47,34,47,37,38,42,66,48,8,70,31,48,47,31,58,36,66,32,28,38,55,14,0,67,16,56,42,82,60,28,88,48,70,48,81,35,53,37,66,22,42,90,46,54,77
79,57,58,41,40,53,52,64,54,63,58,88,40,34,59,30,6,57,26,32,40,53,46,27,83,74,26,67,59,48,56,59,49,68,61,57,47,23,69,51,9,74,68,49,31,28,17,45,41,37,52,32,33,39,33,37,61,39,27,68,3,86,47,17,65,13,45,31,85,60,73,44,29,23,78,69,17,40,38,52,11,11,35,43,60,54,53,27,51,69,67,38,39,44,60,63,88,42,69,35,23,67,85,43,36,35,42,32,12,55,40,66,65,69,46,69,63,60,32,48,50,35,57,18,88,88,19,67,0,63,29,50,48,26,68,87,27,79,53,62,37,66,86,7,30,44,39,54,41,43
66,52,79,49,18,35,31,54,49,38,96,56,86,65,31,61,34,51,83,64,74,81,38,11,63,52,25,58,59,47,23,65,30,11,77,82,49,32,27,18,33,33,6,67,86,65,86,59,72,81,62,41,47,44,46,65,44,52,73,43,39,80,5,12,74,27,51,31,63,72,57,23,60,67,36,16,16,21,88,66,20,55,38,29,63,32,19,33,59,48,57,54,51,5,17,56,61,27,26,46,1,37,71,25,44,36,51,57,60,37,15,93,65,37,50,56,52,72,57,28,14,11,67,78,34,50,12,16,63,0,87,67,65,46,72,40,63,28,64,83,49,40,34,35,70,84,24,56,66,39
24,37,54,32,44,58,51,69,34,63,28,69,35,31,75,57,22,68,61,50,35,41,75,38,25,87,22,46,55,64,35,60,93,39,29,61,85,41,76,36,50,10,27,69,86,55,24,56,35,73,60,38,27,51,40,79,42,92,32,50,83,76,14,75,25,68,45,31,62,75,83,31,56,92,67,20,75,45,57,17,67,62,86,47,7,22,82,34,52,57,41,70,39,58,53,84,29,37,22,57,39,65,37,15,30,28,35,83,44,77,73,72,45,60,51,15,41,62,32,72,63,48,90,47,47,75,49,56,29,87,0,45,14,34,19,53,23,46,32,69,54,24,24,22,54,71,73,59,67,31
44,39,36,60,58,46,59,88,72,19,44,24,83,34,30,44,28,40,32,28,69,39,63,47,42,57,52,79,46,31,31,45,37,47,88,55,38,67,42,55,69,39,50,16,50,38,59,69,46,43,27,68,9,32,41,27,47,26,39,72,28,86,71,37,55,59,29,80,55,72,68,30,82,28,26,40,47,13,71,55,89,41,35,59,65,65,49,33,58,59,68,58,75,39,62,76,58,61,30,70,82,64,47,34,48,31,37,51,9,36,70,83,53,77,10,30,61,70,40,61,25,46,49,63,73,30,46,42,50,67,45,0,71,73,32,60,23,67,50,68,57,65,17,19,57,38,27,84,80,35
46,47,34,66,58,18,63,69,44,97,47,64,30,63,80,93,66,43,39,88,54,60,63,77,63,62,25,57,27,76,42,19,14,87,30,22,62,33,82,8,47,44,32,29,47,63,34,65,68,13,36,28,81,27,44,77,13,18,45,55,62,42,32,10,49,54,16,9,36,60,50,34,47,89,49,18,29,72,58,40,44,49,48,43,54,4,45,80,28,15,46,79,58,60,47,19,39,28,13,83,50,42,52,82,43,57,46,21,44,51,35,78,16,34,69,64,33,61,34,72,90,93,36,34,50,71,39,82,48,65,14,71,0,27,79,27,88,70,80,44,51,39,49,29,70,15,33,19,74,38
50,21,34,74,38,38,74,32,73,82,65,56,90,70,38,75,75,6,33,48,48,31,32,83,37,61,8,43,73,68,29,63,32,26,72,32,44,34,20,16,39,54,37,59,33,39,53,53,44,31,43,27,54,63,35,76,47,63,30,73,68,76,74,62,41,40,45,42,70,72,48,87,13,13,82,51,10,68,48,69,34,89,71,42,51,18,28,54,53,42,45,38,58,18,30,50,15,47,83,44,61,28,55,82,81,26,18,58,48,26,63,19,55,27,54,20,61,75,51,58,40,70,28,73,52,35,24,60,26,46,34,73,27,0,67,36,59,85,35,36,14,32,72,18,42,72,58,54,78,90
23,93,62,56,66,53,81,59,45,24,67,25,14,27,65,40,44,37,46,50,66,42,40,5,49,23,54,34,63,40,41,25,42,21,44,39,30,40,38,70,65,49,27,43,44,69,26,72,58,88,30,61,74,10,78,11,73,42,51,17,64,30,79,35,30,28,25,16,48,90,57,67,56,25,53,44,21,65,62,62,40,37,20,91,59,68,5,35,77,65,60,77,52,49,43,61,49,51,60,34,72,54,28,52,12,37,94,22,28,45,66,28,61,19,50,88,23,43,86,62,17,58,74,56,40,82,21,28,68,72,19,32,79,67,0,74,13,43,12,46,58,44,61,17,27,66,53,14,55,56
30,46,38,61,32,61,31,80,68,58,78,36,77,34,50,52,58,52,64,74,29,95,45,81,14,78,61,7,63,38,8,7,43,52,60,58,32,44,75,39,77,46,48,46,11,58,79,10,50,80,85,42,91,57,22,59,40,58,54,67,37,15,26,16,48,52,56,19,73,54,26,62,79,54,40,20,38,48,9,67,43,44,84,74,50,90,62,72,67,56,11,56,49,82,42,23,78,82,51,56,54,35,86,36,54,55,58,29,49,67,30,79,67,54,56,22,95,35,36,41,33,40,42,30,37,46,39,88,87,40,53,60,27,36,74,0,56,7,59,31,33,34,75,32,58,46,31,36,76,48
33,34,20,61,39,35,78,84,69,32,38,21,73,45,37,31,55,55,48,80,85,62,77,39,55,51,46,50,83,54,45,33,63,66,35,14,32,56,11,62,71,9,84,53,40,71,57,35,68,75,48,63,16,38,44,26,65,40,14,50,72,25,28,61,49,23,49,56,53,33,36,32,52,23,85,86,18,49,71,55,85,87,61,50,9,49,65,14,66,21,41,47,51,44,73,49,62,80,42,39,25,61,65,47,28,76,24,53,47,68,69,45,44,13,91,35,46,58,55,66,32,45,69,30,54,51,46,48,27,63,23,23,88,59,13,56,0,51,62,54,50,74,28,31,26,66,51,68,82,81
72,31,49,58,79,31,68,41,56,29,73,31,51,48,72,34,27,33,65,82,31,64,48,58,41,74,63,40,21,44,56,35,34,57,70,66,72,11,57,31,46,70,52,19,33,31,59,85,25,72,50,38,69,59,74,26,14,73,54,30,64,32,39,83,30,73,77,67,49,38,41,35,75,22,56,45,52,53,79,26,91,41,18,54,27,48,60,57,50,63,71,50,36,44,31,52,39,44,53,43,51,83,63,44,44,10,49,22,76,62,74,46,56,58,77,58,19,97,94,68,35,63,72,80,48,77,66,70,79,28,46,67,70,85,43,7,51,0,84,13,91,81,65,14,10,38,66,25,80,44
52,19,51,72,58,35,18,56,22,54,77,24,33,36,45,40,36,64,45,54,11,48,41,50,38,9,34,28,39,46,27,37,74,46,35,89,45,54,86,49,74,41,75,69,64,65,48,25,37,52,34,29,17,27,49,81,56,58,36,85,35,57,80,45,50,81,46,41,79,59,17,27,65,95,68,39,38,39,56,60,23,34,20,53,75,54,47,53,35,53,48,66,19,4,33,45,51,68,43,40,43,9,61,78,49,40,85,43,31,69,57,45,53,85,77,14,30,64,43,57,27,51,61,37,62,47,44,48,53,64,32,50,80,35,12,59,62,84,0,19,69,43,26,54,50,77,39,80,55,68
47,46,52,41,31,28,23,58,42,46,63,46,58,65,68,66,19,40,27,14,40,49,41,43,10,58,31,75,57,40,43,72,84,71,55,57,50,45,90,39,63,52,35,47,40,59,50,7,58,26,21,43,32,32,63,53,44,65,54,38,61,40,77,27,43,50,69,58,37,22,64,75,42,52,49,25,18,41,15,10,40,94,94,29,16,56,82,87,29,60,25,68,73,60,78,49,18,57,64,64,47,46,33,40,23,48,50,69,59,42,55,71,42,27,90,25,68,58,62,83,28,38,43,79,52,47,75,81,62,83,69,68,44,36,46,31,54,13,19,0,50,47,31,33,45,43,39,81,73,23
36,44,19,29,37,35,70,51,72,56,22,86,58,65,66,45,28,61,33,89,14,29,69,36,44,41,42,72,51,37,44,45,61,10,61,40,54,86,53,89,59,71,57,71,52,55,70,65,74,61,61,60,69,78,66,72,77,19,44,83,52,76,46,45,58,84,42,49,59,82,32,59,78,72,56,68,52,60,47,59,58,23,81,43,73,86,53,50,78,40,50,46,81,30,49,51,20,30,35,41,49,50,33,50,88,62,68,49,78,48,14,55,53,44,34,71,44,56,53,51,62,62,27,53,35,42,18,35,37,49,54,57,51,14,58,33,50,91,69,50,0,42,61,46,96,76,77,2,59,23
46,37,35,7,30,32,35,19,39,96,58,57,34,29,67,77,28,38,51,37,29,42,25,36,34,13,64,37,74,47,36,40,49,29,49,14,33,87,75,64,15,26,15,45,41,40,41,40,41,7,51,51,3,62,26,55,23,50,11,47,63,61,51,54,58,8,92,31,29,73,44,17,30,39,76,30,60,39,64,8,70,73,59,67,72,45,33,29,86,80,45,46,66,61,57,48,39,45,48,68,87,30,75,82,29,44,41,82,52,80,76,55,62,81,9,66,41,45,53,2,62,10,19,50,15,29,49,53,66,40,24,65,39,32,44,34,74,81,43,47,42,0,42,60,36,42,42,43,37,54
25,18,58,11,68,75,87,81,56,73,61,45,41,48,94,28,43,30,29,69,32,44,86,7,31,36,37,62,57,34,55,35,49,60,58,32,62,39,67,48,70,54,69,36,29,31,79,67,66,35,59,69,73,30,41,64,70,10,45,59,76,36,44,94,29,26,80,51,35,15,68,62,51,55,57,30,59,59,75,43,42,46,43,2,54,47,51,38,42,13,29,42,76,14,37,60,49,13,8,50,57,3,92,90,50,68,49,39,57,49,59,49,68,44,45,50,87,42,29,51,64,91,59,11,43,24,25,37,86,34,24,17,49,72,61,75,28,65,26,31,61,42,0,27,72,43,48,49,58,35
19,60,33,87,59,57,86,68,50,83,24,57,44,86,23,62,55,61,73,39,27,35,80,37,56,88,43,64,55,42,77,52,14,55,59,44,34,56,53,72,49,28,91,70,65,55,57,53,53,75,16,56,64,56,96,5,65,49,69,52,41,31,34,47,45,28,87,48,65,65,42,52,65,40,38,60,29,85,62,38,85,53,41,59,66,39,48,18,23,58,65,37,71,11,52,12,44,10,35,38,80,21,60,43,45,68,45,22,47,92,68,62,60,41,60,71,38,41,63,38,13,13,25,45,14,50,40,66,7,35,22,19,29,18,17,32,31,14,54,33,46,60,27,0,69,22,13,54,11,63
34,45,98,44,75,65,27,53,61,78,58,73,33,68,52,63,46,33,34,69,65,73,17,51,41,58,32,49,55,57,30,62,30,51,57,68,64,48,48,46,61,48,62,56,59,22,58,62,43,52,70,40,70,47,30,51,72,26,40,38,46,43,70,41,48,39,42,45,46,43,57,37,57,62,46,38,57,49,31,57,9,83,35,45,69,46,68,10,64,32,70,19,40,58,49,35,53,50,75,37,47,29,51,67,37,46,85,58,70,65,9,60,55,78,88,87,54,62,48,52,57,60,44,41,17,50,24,22,30,70,54,57,70,42,27,58,26,10,50,45,96,36,72,69,0,40,32,28,11,52
34,53,69,74,41,40,36,44,40,21,30,17,42,90,21,46,94,24,91,25,25,36,40,62,63,59,24,59,73,61,67,31,32,42,57,25,56,46,48,88,63,43,92,27,28,77,69,50,46,18,43,36,59,68,44,86,29,15,44,24,44,31,13,67,70,53,73,33,25,58,32,53,62,72,76,68,79,63,63,24,48,62,45,40,59,54,57,49,33,52,48,83,24,39,43,26,80,63,59,29,55,84,27,39,63,13,74,69,66,23,31,78,21,69,48,47,63,82,58,25,55,44,62,59,59,70,47,42,44,84,71,38,15,72,66,46,66,38,77,43,76,42,43,22,40,0,77,31,53,51
71,80,41,53,54,25,77,44,9,38,35,74,44,11,42,71,66,64,45,71,37,50,42,67,40,36,70,66,74,56,37,64,80,10,93,46,78,77,48,29,39,66,66,30,51,9,32,87,29,16,60,27,56,64,84,63,57,38,45,46,45,55,42,33,73,41,75,53,24,21,79,53,64,47,62,41,18,90,42,75,57,75,26,14,56,42,34,70,13,31,18,57,80,65,42,44,52,41,37,17,8,91,24,44,36,47,71,64,50,38,87,58,52,79,66,67,26,51,69,45,62,49,47,32,86,50,40,90,39,24,73,27,33,58,53,31,51,66,39,39,77,42,48,13,32,77,0,19,94,46
47,55,62,49,22,33,64,88,7,54,40,21,10,61,61,77,18,50,54,56,3,46,77,68,43,64,57,28,59,48,38,59,32,83,62,42,53,62,27,72,6,50,19,36,43,28,70,25,89,46,21,67,90,49,54,15,31,60,59,46,68,57,16,61,89,29,16,36,83,49,53,51,41,69,73,28,67,85,67,60,14,46,18,72,84,47,66,40,48,52,68,25,32,40,66,20,86,78,24,18,40,55,49,47,47,51,69,39,76,59,78,18,40,84,63,68,45,32,33,21,73,60,84,80,94,43,46,46,54,56,59,84,19,54,14,36,68,25,80,81,2,43,49,54,28,31,19,0,36,22
56,40,17,42,51,66,26,59,51,56,41,51,68,22,43,76,47,79,45,35,58,44,29,27,73,10,41,29,80,34,57,16,60,44,46,50,60,67,63,43,46,53,59,37,54,14,49,42,86,87,38,45,62,51,51,26,69,46,47,48,24,50,34,88,17,79,86,14,62,12,48,39,23,73,96,60,41,53,74,37,40,34,35,72,34,71,35,57,23,53,10,20,33,84,70,49,37,69,36,22,50,67,71,72,88,55,55,56,10,69,93,39,60,38,57,73,84,50,82,21,65,33,97,76,51,22,62,54,41,66,67,80,74,78,55,76,82,80,55,73,59,37,58,11,11,53,94,36,0,30
34,49,21,34,23,65,30,63,35,9,43,58,76,32,25,40,39,25,26,40,87,28,59,39,57,87,58,25,43,75,4,62,59,51,65,68,65,14,82,58,85,37,44,62,67,11,36,26,51,52,47,56,57,38,48,18,67,57,70,57,43,59,74,39,17,61,34,55,57,78,73,46,21,37,23,73,36,46,29,55,70,46,7,30,80,54,32,59,30,66,75,49,34,18,64,45,43,72,59,38,75,43,54,31,54,81,56,49,76,50,64,59,84,24,84,62,81,90,35,31,26,44,28,37,70,56,80,77,43,39,31,35,38,90,56,48,81,44,68,23,23,54,35,63,52,51,46,22,30,0
